epitopenegtest1	epitopenegtest1
epitopenegtest2	epitopenegtest2
epitopenegtest3	epitopenegtest3
epitopenegtest4	epitopenegtest4
epitopenegtest7	epitopenegtest7
epitopenegtest8	epitopenegtest8
epitopenegtest9	epitopenegtest9
epitopenegtest10	epitopenegtest10
epitopenegtest13	epitopenegtest13
epitopenegtest14	epitopenegtest14
epitopenegtest15	epitopenegtest15
epitopenegtest16	epitopenegtest16
epitopenegtest17	epitopenegtest17
epitopenegtest18	epitopenegtest18
epitopenegtest19	epitopenegtest19
epitopenegtest20	epitopenegtest20
epitopenegtest21	epitopenegtest21
epitopenegtest21	epitopepostrain405
epitopenegtest22	epitopenegtest22
epitopenegtest22	epitopenegtrain911
epitopenegtest22	epitopepostrain421
epitopenegtest23	epitopenegtest23
epitopenegtest23	epitopepostrain415
epitopenegtest24	epitopenegtest24
epitopenegtest27	epitopenegtest27
epitopenegtest28	epitopenegtest28
epitopenegtest29	epitopenegtest29
epitopenegtest30	epitopenegtest30
epitopenegtest31	epitopenegtest31
epitopenegtest32	epitopenegtest32
epitopenegtest33	epitopenegtest33
epitopenegtest34	epitopenegtest34
epitopenegtest35	epitopenegtest35
epitopenegtest36	epitopenegtest36
epitopenegtest37	epitopenegtest37
epitopenegtest38	epitopenegtest38
epitopenegtest39	epitopenegtest39
epitopenegtest40	epitopenegtest40
epitopenegtest41	epitopenegtest41
epitopenegtrain1	epitopenegtrain1
epitopenegtrain2	epitopenegtrain2
epitopenegtrain3	epitopenegtrain3
epitopenegtrain4	epitopenegtrain4
epitopenegtrain5	epitopenegtrain5
epitopenegtrain6	epitopenegtrain6
epitopenegtrain7	epitopenegtrain7
epitopenegtrain8	epitopenegtrain8
epitopenegtrain9	epitopenegtrain9
epitopenegtrain10	epitopenegtrain10
epitopenegtrain11	epitopenegtrain11
epitopenegtrain12	epitopenegtrain12
epitopenegtrain13	epitopenegtrain13
epitopenegtrain14	epitopenegtrain14
epitopenegtrain15	epitopenegtrain15
epitopenegtrain16	epitopenegtrain16
epitopenegtrain17	epitopenegtrain17
epitopenegtrain18	epitopenegtrain18
epitopenegtrain19	epitopenegtrain19
epitopenegtrain20	epitopenegtrain20
epitopenegtrain21	epitopenegtrain21
epitopenegtrain22	epitopenegtrain22
epitopenegtrain23	epitopenegtrain23
epitopenegtrain24	epitopenegtrain24
epitopenegtrain25	epitopenegtrain25
epitopenegtrain26	epitopenegtrain26
epitopenegtrain27	epitopenegtrain27
epitopenegtrain28	epitopenegtrain28
epitopenegtrain29	epitopenegtrain29
epitopenegtrain30	epitopenegtrain30
epitopenegtrain31	epitopenegtrain31
epitopenegtrain32	epitopenegtrain32
epitopenegtrain33	epitopenegtrain33
epitopenegtrain34	epitopenegtrain34
epitopenegtrain35	epitopenegtrain35
epitopenegtrain36	epitopenegtrain36
epitopenegtrain37	epitopenegtrain37
epitopenegtrain38	epitopenegtrain38
epitopenegtrain39	epitopenegtrain39
epitopenegtrain40	epitopenegtrain40
epitopenegtrain41	epitopenegtrain41
epitopenegtrain42	epitopenegtrain42
epitopenegtrain43	epitopenegtrain43
epitopenegtrain44	epitopenegtrain44
epitopenegtrain45	epitopenegtrain45
epitopenegtrain46	epitopenegtrain46
epitopenegtrain47	epitopenegtrain47
epitopenegtrain48	epitopenegtrain48
epitopenegtrain49	epitopenegtrain49
epitopenegtrain50	epitopenegtrain50
epitopenegtrain51	epitopenegtrain51
epitopenegtrain52	epitopenegtrain52
epitopenegtrain53	epitopenegtrain53
epitopenegtrain54	epitopenegtrain54
epitopenegtrain55	epitopenegtrain55
epitopenegtrain56	epitopenegtrain56
epitopenegtrain57	epitopenegtrain57
epitopenegtrain58	epitopenegtrain58
epitopenegtrain59	epitopenegtrain59
epitopenegtrain60	epitopenegtrain60
epitopenegtrain61	epitopenegtrain61
epitopenegtrain62	epitopenegtrain62
epitopenegtrain63	epitopenegtrain63
epitopenegtrain64	epitopenegtrain64
epitopenegtrain65	epitopenegtrain65
epitopenegtrain66	epitopenegtrain66
epitopenegtrain67	epitopenegtrain67
epitopenegtrain68	epitopenegtrain68
epitopenegtrain69	epitopenegtrain69
epitopenegtrain70	epitopenegtrain70
epitopenegtrain71	epitopenegtrain71
epitopenegtrain72	epitopenegtrain72
epitopenegtrain73	epitopenegtrain73
epitopenegtrain74	epitopenegtrain74
epitopenegtrain75	epitopenegtrain75
epitopenegtrain76	epitopenegtrain76
epitopenegtrain77	epitopenegtrain77
epitopenegtrain78	epitopenegtrain78
epitopenegtrain79	epitopenegtrain79
epitopenegtrain80	epitopenegtrain80
epitopenegtrain81	epitopenegtrain81
epitopenegtrain82	epitopenegtrain82
epitopenegtrain83	epitopenegtrain83
epitopenegtrain84	epitopenegtrain84
epitopenegtrain85	epitopenegtrain85
epitopenegtrain86	epitopenegtrain86
epitopenegtrain87	epitopenegtrain87
epitopenegtrain88	epitopenegtrain88
epitopenegtrain89	epitopenegtrain89
epitopenegtrain90	epitopenegtrain90
epitopenegtrain91	epitopenegtrain91
epitopenegtrain92	epitopenegtrain92
epitopenegtrain93	epitopenegtrain93
epitopenegtrain94	epitopenegtrain94
epitopenegtrain95	epitopenegtrain95
epitopenegtrain96	epitopenegtrain96
epitopenegtrain97	epitopenegtrain97
epitopenegtrain98	epitopenegtrain98
epitopenegtrain99	epitopenegtrain99
epitopenegtrain100	epitopenegtrain100
epitopenegtrain101	epitopenegtrain101
epitopenegtrain102	epitopenegtrain102
epitopenegtrain103	epitopenegtrain103
epitopenegtrain104	epitopenegtrain104
epitopenegtrain105	epitopenegtrain105
epitopenegtrain106	epitopenegtrain106
epitopenegtrain107	epitopenegtrain107
epitopenegtrain108	epitopenegtrain108
epitopenegtrain109	epitopenegtrain109
epitopenegtrain110	epitopenegtrain110
epitopenegtrain111	epitopenegtrain111
epitopenegtrain112	epitopenegtrain112
epitopenegtrain113	epitopenegtrain113
epitopenegtrain114	epitopenegtrain114
epitopenegtrain115	epitopenegtrain115
epitopenegtrain116	epitopenegtrain116
epitopenegtrain117	epitopenegtrain117
epitopenegtrain118	epitopenegtrain118
epitopenegtrain119	epitopenegtrain119
epitopenegtrain120	epitopenegtrain120
epitopenegtrain121	epitopenegtrain121
epitopenegtrain122	epitopenegtrain122
epitopenegtrain123	epitopenegtrain123
epitopenegtrain124	epitopenegtrain124
epitopenegtrain125	epitopenegtrain125
epitopenegtrain126	epitopenegtrain126
epitopenegtrain127	epitopenegtrain127
epitopenegtrain128	epitopenegtrain128
epitopenegtrain129	epitopenegtrain129
epitopenegtrain130	epitopenegtrain130
epitopenegtrain131	epitopenegtrain131
epitopenegtrain132	epitopenegtrain132
epitopenegtrain133	epitopenegtrain133
epitopenegtrain134	epitopenegtrain134
epitopenegtrain135	epitopenegtrain135
epitopenegtrain136	epitopenegtrain136
epitopenegtrain137	epitopenegtrain137
epitopenegtrain138	epitopenegtrain138
epitopenegtrain139	epitopenegtrain139
epitopenegtrain140	epitopenegtrain140
epitopenegtrain141	epitopenegtrain141
epitopenegtrain142	epitopenegtrain142
epitopenegtrain143	epitopenegtrain143
epitopenegtrain144	epitopenegtrain144
epitopenegtrain145	epitopenegtrain145
epitopenegtrain146	epitopenegtrain146
epitopenegtrain147	epitopenegtrain147
epitopenegtrain148	epitopenegtrain148
epitopenegtrain149	epitopenegtrain149
epitopenegtrain150	epitopenegtrain150
epitopenegtrain151	epitopenegtrain151
epitopenegtrain152	epitopenegtrain152
epitopenegtrain153	epitopenegtrain153
epitopenegtrain154	epitopenegtrain154
epitopenegtrain155	epitopenegtrain155
epitopenegtrain156	epitopenegtrain156
epitopenegtrain157	epitopenegtrain157
epitopenegtrain158	epitopenegtrain158
epitopenegtrain159	epitopenegtrain159
epitopenegtrain160	epitopenegtrain160
epitopenegtrain161	epitopenegtrain161
epitopenegtrain162	epitopenegtrain162
epitopenegtrain163	epitopenegtrain163
epitopenegtrain164	epitopenegtrain164
epitopenegtrain165	epitopenegtrain165
epitopenegtrain166	epitopenegtrain166
epitopenegtrain167	epitopenegtrain167
epitopenegtrain168	epitopenegtrain168
epitopenegtrain169	epitopenegtrain169
epitopenegtrain170	epitopenegtrain170
epitopenegtrain171	epitopenegtrain171
epitopenegtrain172	epitopenegtrain172
epitopenegtrain173	epitopenegtrain173
epitopenegtrain174	epitopenegtrain174
epitopenegtrain175	epitopenegtrain175
epitopenegtrain176	epitopenegtrain176
epitopenegtrain177	epitopenegtrain177
epitopenegtrain178	epitopenegtrain178
epitopenegtrain179	epitopenegtrain179
epitopenegtrain180	epitopenegtrain180
epitopenegtrain181	epitopenegtrain181
epitopenegtrain182	epitopenegtrain182
epitopenegtrain183	epitopenegtrain183
epitopenegtrain184	epitopenegtrain184
epitopenegtrain185	epitopenegtrain185
epitopenegtrain186	epitopenegtrain186
epitopenegtrain187	epitopenegtrain187
epitopenegtrain188	epitopenegtrain188
epitopenegtrain189	epitopenegtrain189
epitopenegtrain190	epitopenegtrain190
epitopenegtrain191	epitopenegtrain191
epitopenegtrain192	epitopenegtrain192
epitopenegtrain193	epitopenegtrain193
epitopenegtrain194	epitopenegtrain194
epitopenegtrain195	epitopenegtrain195
epitopenegtrain196	epitopenegtrain196
epitopenegtrain197	epitopenegtrain197
epitopenegtrain198	epitopenegtrain198
epitopenegtrain199	epitopenegtrain199
epitopenegtrain200	epitopenegtrain200
epitopenegtrain201	epitopenegtrain201
epitopenegtrain202	epitopenegtrain202
epitopenegtrain203	epitopenegtrain203
epitopenegtrain204	epitopenegtrain204
epitopenegtrain205	epitopenegtrain205
epitopenegtrain206	epitopenegtrain206
epitopenegtrain207	epitopenegtrain207
epitopenegtrain208	epitopenegtrain208
epitopenegtrain209	epitopenegtrain209
epitopenegtrain210	epitopenegtrain210
epitopenegtrain211	epitopenegtrain211
epitopenegtrain212	epitopenegtrain212
epitopenegtrain213	epitopenegtrain213
epitopenegtrain214	epitopenegtrain214
epitopenegtrain215	epitopenegtrain215
epitopenegtrain216	epitopenegtrain216
epitopenegtrain217	epitopenegtrain217
epitopenegtrain218	epitopenegtrain218
epitopenegtrain219	epitopenegtrain219
epitopenegtrain220	epitopenegtrain220
epitopenegtrain221	epitopenegtrain221
epitopenegtrain222	epitopenegtrain222
epitopenegtrain223	epitopenegtrain223
epitopenegtrain224	epitopenegtrain224
epitopenegtrain225	epitopenegtrain225
epitopenegtrain226	epitopenegtrain226
epitopenegtrain227	epitopenegtrain227
epitopenegtrain228	epitopenegtrain228
epitopenegtrain229	epitopenegtrain229
epitopenegtrain230	epitopenegtrain230
epitopenegtrain231	epitopenegtrain231
epitopenegtrain232	epitopenegtrain232
epitopenegtrain233	epitopenegtrain233
epitopenegtrain234	epitopenegtrain234
epitopenegtrain235	epitopenegtrain235
epitopenegtrain236	epitopenegtrain236
epitopenegtrain237	epitopenegtrain237
epitopenegtrain238	epitopenegtrain238
epitopenegtrain239	epitopenegtrain239
epitopenegtrain240	epitopenegtrain240
epitopenegtrain241	epitopenegtrain241
epitopenegtrain242	epitopenegtrain242
epitopenegtrain243	epitopenegtrain243
epitopenegtrain244	epitopenegtrain244
epitopenegtrain245	epitopenegtrain245
epitopenegtrain246	epitopenegtrain246
epitopenegtrain247	epitopenegtrain247
epitopenegtrain248	epitopenegtrain248
epitopenegtrain249	epitopenegtrain249
epitopenegtrain250	epitopenegtrain250
epitopenegtrain251	epitopenegtrain251
epitopenegtrain252	epitopenegtrain252
epitopenegtrain253	epitopenegtrain253
epitopenegtrain254	epitopenegtrain254
epitopenegtrain255	epitopenegtrain255
epitopenegtrain256	epitopenegtrain256
epitopenegtrain257	epitopenegtrain257
epitopenegtrain258	epitopenegtrain258
epitopenegtrain259	epitopenegtrain259
epitopenegtrain260	epitopenegtrain260
epitopenegtrain261	epitopenegtrain261
epitopenegtrain262	epitopenegtrain262
epitopenegtrain263	epitopenegtrain263
epitopenegtrain264	epitopenegtrain264
epitopenegtrain265	epitopenegtrain265
epitopenegtrain266	epitopenegtrain266
epitopenegtrain267	epitopenegtrain267
epitopenegtrain268	epitopenegtrain268
epitopenegtrain269	epitopenegtrain269
epitopenegtrain270	epitopenegtrain270
epitopenegtrain271	epitopenegtrain271
epitopenegtrain272	epitopenegtrain272
epitopenegtrain273	epitopenegtrain273
epitopenegtrain274	epitopenegtrain274
epitopenegtrain275	epitopenegtrain275
epitopenegtrain276	epitopenegtrain276
epitopenegtrain277	epitopenegtrain277
epitopenegtrain278	epitopenegtrain278
epitopenegtrain279	epitopenegtrain279
epitopenegtrain280	epitopenegtrain280
epitopenegtrain281	epitopenegtrain281
epitopenegtrain282	epitopenegtrain282
epitopenegtrain283	epitopenegtrain283
epitopenegtrain284	epitopenegtrain284
epitopenegtrain285	epitopenegtrain285
epitopenegtrain286	epitopenegtrain286
epitopenegtrain287	epitopenegtrain287
epitopenegtrain288	epitopenegtrain288
epitopenegtrain289	epitopenegtrain289
epitopenegtrain290	epitopenegtrain290
epitopenegtrain291	epitopenegtrain291
epitopenegtrain292	epitopenegtrain292
epitopenegtrain293	epitopenegtrain293
epitopenegtrain294	epitopenegtrain294
epitopenegtrain295	epitopenegtrain295
epitopenegtrain296	epitopenegtrain296
epitopenegtrain297	epitopenegtrain297
epitopenegtrain298	epitopenegtrain298
epitopenegtrain299	epitopenegtrain299
epitopenegtrain300	epitopenegtrain300
epitopenegtrain301	epitopenegtrain301
epitopenegtrain302	epitopenegtrain302
epitopenegtrain303	epitopenegtrain303
epitopenegtrain304	epitopenegtrain304
epitopenegtrain305	epitopenegtrain305
epitopenegtrain306	epitopenegtrain306
epitopenegtrain307	epitopenegtrain307
epitopenegtrain308	epitopenegtrain308
epitopenegtrain309	epitopenegtrain309
epitopenegtrain310	epitopenegtrain310
epitopenegtrain311	epitopenegtrain311
epitopenegtrain312	epitopenegtrain312
epitopenegtrain313	epitopenegtrain313
epitopenegtrain314	epitopenegtrain314
epitopenegtrain315	epitopenegtrain315
epitopenegtrain316	epitopenegtrain316
epitopenegtrain317	epitopenegtrain317
epitopenegtrain318	epitopenegtrain318
epitopenegtrain319	epitopenegtrain319
epitopenegtrain320	epitopenegtrain320
epitopenegtrain321	epitopenegtrain321
epitopenegtrain322	epitopenegtrain322
epitopenegtrain323	epitopenegtrain323
epitopenegtrain324	epitopenegtrain324
epitopenegtrain325	epitopenegtrain325
epitopenegtrain326	epitopenegtrain326
epitopenegtrain327	epitopenegtrain327
epitopenegtrain328	epitopenegtrain328
epitopenegtrain329	epitopenegtrain329
epitopenegtrain330	epitopenegtrain330
epitopenegtrain331	epitopenegtrain331
epitopenegtrain332	epitopenegtrain332
epitopenegtrain333	epitopenegtrain333
epitopenegtrain334	epitopenegtrain334
epitopenegtrain335	epitopenegtrain335
epitopenegtrain336	epitopenegtrain336
epitopenegtrain337	epitopenegtrain337
epitopenegtrain338	epitopenegtrain338
epitopenegtrain339	epitopenegtrain339
epitopenegtrain340	epitopenegtrain340
epitopenegtrain341	epitopenegtrain341
epitopenegtrain342	epitopenegtrain342
epitopenegtrain343	epitopenegtrain343
epitopenegtrain344	epitopenegtrain344
epitopenegtrain345	epitopenegtrain345
epitopenegtrain346	epitopenegtrain346
epitopenegtrain347	epitopenegtrain347
epitopenegtrain348	epitopenegtrain348
epitopenegtrain349	epitopenegtrain349
epitopenegtrain350	epitopenegtrain350
epitopenegtrain351	epitopenegtrain351
epitopenegtrain352	epitopenegtrain352
epitopenegtrain353	epitopenegtrain353
epitopenegtrain354	epitopenegtrain354
epitopenegtrain355	epitopenegtrain355
epitopenegtrain356	epitopenegtrain356
epitopenegtrain357	epitopenegtrain357
epitopenegtrain358	epitopenegtrain358
epitopenegtrain359	epitopenegtrain359
epitopenegtrain360	epitopenegtrain360
epitopenegtrain361	epitopenegtrain361
epitopenegtrain362	epitopenegtrain362
epitopenegtrain363	epitopenegtrain363
epitopenegtrain364	epitopenegtrain364
epitopenegtrain365	epitopenegtrain365
epitopenegtrain366	epitopenegtrain366
epitopenegtrain367	epitopenegtrain367
epitopenegtrain368	epitopenegtrain368
epitopenegtrain369	epitopenegtrain369
epitopenegtrain370	epitopenegtrain370
epitopenegtrain371	epitopenegtrain371
epitopenegtrain372	epitopenegtrain372
epitopenegtrain373	epitopenegtrain373
epitopenegtrain374	epitopenegtrain374
epitopenegtrain375	epitopenegtrain375
epitopenegtrain376	epitopenegtrain376
epitopenegtrain377	epitopenegtrain377
epitopenegtrain378	epitopenegtrain378
epitopenegtrain379	epitopenegtrain379
epitopenegtrain380	epitopenegtrain380
epitopenegtrain381	epitopenegtrain381
epitopenegtrain382	epitopenegtrain382
epitopenegtrain383	epitopenegtrain383
epitopenegtrain384	epitopenegtrain384
epitopenegtrain385	epitopenegtrain385
epitopenegtrain386	epitopenegtrain386
epitopenegtrain387	epitopenegtrain387
epitopenegtrain388	epitopenegtrain388
epitopenegtrain389	epitopenegtrain389
epitopenegtrain390	epitopenegtrain390
epitopenegtrain391	epitopenegtrain391
epitopenegtrain392	epitopenegtrain392
epitopenegtrain393	epitopenegtrain393
epitopenegtrain394	epitopenegtrain394
epitopenegtrain395	epitopenegtrain395
epitopenegtrain396	epitopenegtrain396
epitopenegtrain397	epitopenegtrain397
epitopenegtrain398	epitopenegtrain398
epitopenegtrain399	epitopenegtrain399
epitopenegtrain400	epitopenegtrain400
epitopenegtrain401	epitopenegtrain401
epitopenegtrain402	epitopenegtrain402
epitopenegtrain403	epitopenegtrain403
epitopenegtrain404	epitopenegtrain404
epitopenegtrain405	epitopenegtrain405
epitopenegtrain406	epitopenegtrain406
epitopenegtrain407	epitopenegtrain407
epitopenegtrain408	epitopenegtrain408
epitopenegtrain409	epitopenegtrain409
epitopenegtrain410	epitopenegtrain410
epitopenegtrain411	epitopenegtrain411
epitopenegtrain412	epitopenegtrain412
epitopenegtrain413	epitopenegtrain413
epitopenegtrain414	epitopenegtrain414
epitopenegtrain415	epitopenegtrain415
epitopenegtrain416	epitopenegtrain416
epitopenegtrain417	epitopenegtrain417
epitopenegtrain418	epitopenegtrain418
epitopenegtrain419	epitopenegtrain419
epitopenegtrain420	epitopenegtrain420
epitopenegtrain421	epitopenegtrain421
epitopenegtrain422	epitopenegtrain422
epitopenegtrain423	epitopenegtrain423
epitopenegtrain424	epitopenegtrain424
epitopenegtrain425	epitopenegtrain425
epitopenegtrain426	epitopenegtrain426
epitopenegtrain427	epitopenegtrain427
epitopenegtrain428	epitopenegtrain428
epitopenegtrain429	epitopenegtrain429
epitopenegtrain430	epitopenegtrain430
epitopenegtrain431	epitopenegtrain431
epitopenegtrain432	epitopenegtrain432
epitopenegtrain433	epitopenegtrain433
epitopenegtrain434	epitopenegtrain434
epitopenegtrain435	epitopenegtrain435
epitopenegtrain436	epitopenegtrain436
epitopenegtrain437	epitopenegtrain437
epitopenegtrain438	epitopenegtrain438
epitopenegtrain439	epitopenegtrain439
epitopenegtrain440	epitopenegtrain440
epitopenegtrain441	epitopenegtrain441
epitopenegtrain442	epitopenegtrain442
epitopenegtrain443	epitopenegtrain443
epitopenegtrain445	epitopenegtrain445
epitopenegtrain446	epitopenegtrain446
epitopenegtrain447	epitopenegtrain447
epitopenegtrain448	epitopenegtrain448
epitopenegtrain449	epitopenegtrain449
epitopenegtrain450	epitopenegtrain450
epitopenegtrain451	epitopenegtrain451
epitopenegtrain452	epitopenegtrain452
epitopenegtrain453	epitopenegtrain453
epitopenegtrain454	epitopenegtrain454
epitopenegtrain455	epitopenegtrain455
epitopenegtrain456	epitopenegtrain456
epitopenegtrain457	epitopenegtrain457
epitopenegtrain458	epitopenegtrain458
epitopenegtrain459	epitopenegtrain459
epitopenegtrain460	epitopenegtrain460
epitopenegtrain461	epitopenegtrain461
epitopenegtrain462	epitopenegtrain462
epitopenegtrain463	epitopenegtrain463
epitopenegtrain464	epitopenegtrain464
epitopenegtrain465	epitopenegtrain465
epitopenegtrain466	epitopenegtrain466
epitopenegtrain467	epitopenegtrain467
epitopenegtrain468	epitopenegtrain468
epitopenegtrain469	epitopenegtrain469
epitopenegtrain470	epitopenegtrain470
epitopenegtrain471	epitopenegtrain471
epitopenegtrain472	epitopenegtrain472
epitopenegtrain473	epitopenegtrain473
epitopenegtrain474	epitopenegtrain474
epitopenegtrain475	epitopenegtrain475
epitopenegtrain476	epitopenegtrain476
epitopenegtrain477	epitopenegtrain477
epitopenegtrain478	epitopenegtrain478
epitopenegtrain479	epitopenegtrain479
epitopenegtrain480	epitopenegtrain480
epitopenegtrain481	epitopenegtrain481
epitopenegtrain482	epitopenegtrain482
epitopenegtrain483	epitopenegtrain483
epitopenegtrain484	epitopenegtrain484
epitopenegtrain485	epitopenegtrain485
epitopenegtrain486	epitopenegtrain486
epitopenegtrain487	epitopenegtrain487
epitopenegtrain488	epitopenegtrain488
epitopenegtrain489	epitopenegtrain489
epitopenegtrain490	epitopenegtrain490
epitopenegtrain491	epitopenegtrain491
epitopenegtrain492	epitopenegtrain492
epitopenegtrain493	epitopenegtrain493
epitopenegtrain494	epitopenegtrain494
epitopenegtrain495	epitopenegtrain495
epitopenegtrain496	epitopenegtrain496
epitopenegtrain497	epitopenegtrain497
epitopenegtrain498	epitopenegtrain498
epitopenegtrain499	epitopenegtrain499
epitopenegtrain500	epitopenegtrain500
epitopenegtrain501	epitopenegtrain501
epitopenegtrain502	epitopenegtrain502
epitopenegtrain503	epitopenegtrain503
epitopenegtrain504	epitopenegtrain504
epitopenegtrain505	epitopenegtrain505
epitopenegtrain506	epitopenegtrain506
epitopenegtrain507	epitopenegtrain507
epitopenegtrain508	epitopenegtrain508
epitopenegtrain509	epitopenegtrain509
epitopenegtrain510	epitopenegtrain510
epitopenegtrain511	epitopenegtrain511
epitopenegtrain512	epitopenegtrain512
epitopenegtrain513	epitopenegtrain513
epitopenegtrain514	epitopenegtrain514
epitopenegtrain515	epitopenegtrain515
epitopenegtrain516	epitopenegtrain516
epitopenegtrain517	epitopenegtrain517
epitopenegtrain518	epitopenegtrain518
epitopenegtrain519	epitopenegtrain519
epitopenegtrain520	epitopenegtrain520
epitopenegtrain521	epitopenegtrain521
epitopenegtrain522	epitopenegtrain522
epitopenegtrain523	epitopenegtrain523
epitopenegtrain524	epitopenegtrain524
epitopenegtrain525	epitopenegtrain525
epitopenegtrain526	epitopenegtrain526
epitopenegtrain527	epitopenegtrain527
epitopenegtrain528	epitopenegtrain528
epitopenegtrain529	epitopenegtrain529
epitopenegtrain530	epitopenegtrain530
epitopenegtrain531	epitopenegtrain531
epitopenegtrain532	epitopenegtrain532
epitopenegtrain533	epitopenegtrain533
epitopenegtrain534	epitopenegtrain534
epitopenegtrain535	epitopenegtrain535
epitopenegtrain536	epitopenegtrain536
epitopenegtrain537	epitopenegtrain537
epitopenegtrain538	epitopenegtrain538
epitopenegtrain539	epitopenegtrain539
epitopenegtrain540	epitopenegtrain540
epitopenegtrain541	epitopenegtrain541
epitopenegtrain542	epitopenegtrain542
epitopenegtrain543	epitopenegtrain543
epitopenegtrain544	epitopenegtrain544
epitopenegtrain545	epitopenegtrain545
epitopenegtrain546	epitopenegtrain546
epitopenegtrain547	epitopenegtrain547
epitopenegtrain548	epitopenegtrain548
epitopenegtrain549	epitopenegtrain549
epitopenegtrain550	epitopenegtrain550
epitopenegtrain551	epitopenegtrain551
epitopenegtrain552	epitopenegtrain552
epitopenegtrain553	epitopenegtrain553
epitopenegtrain554	epitopenegtrain554
epitopenegtrain555	epitopenegtrain555
epitopenegtrain556	epitopenegtrain556
epitopenegtrain557	epitopenegtrain557
epitopenegtrain558	epitopenegtrain558
epitopenegtrain559	epitopenegtrain559
epitopenegtrain560	epitopenegtrain560
epitopenegtrain561	epitopenegtrain561
epitopenegtrain562	epitopenegtrain562
epitopenegtrain563	epitopenegtrain563
epitopenegtrain564	epitopenegtrain564
epitopenegtrain565	epitopenegtrain565
epitopenegtrain566	epitopenegtrain566
epitopenegtrain567	epitopenegtrain567
epitopenegtrain568	epitopenegtrain568
epitopenegtrain569	epitopenegtrain569
epitopenegtrain570	epitopenegtrain570
epitopenegtrain571	epitopenegtrain571
epitopenegtrain572	epitopenegtrain572
epitopenegtrain573	epitopenegtrain573
epitopenegtrain574	epitopenegtrain574
epitopenegtrain575	epitopenegtrain575
epitopenegtrain576	epitopenegtrain576
epitopenegtrain577	epitopenegtrain577
epitopenegtrain578	epitopenegtrain578
epitopenegtrain579	epitopenegtrain579
epitopenegtrain580	epitopenegtrain580
epitopenegtrain581	epitopenegtrain581
epitopenegtrain582	epitopenegtrain582
epitopenegtrain583	epitopenegtrain583
epitopenegtrain584	epitopenegtrain584
epitopenegtrain585	epitopenegtrain585
epitopenegtrain586	epitopenegtrain586
epitopenegtrain587	epitopenegtrain587
epitopenegtrain588	epitopenegtrain588
epitopenegtrain589	epitopenegtrain589
epitopenegtrain590	epitopenegtrain590
epitopenegtrain591	epitopenegtrain591
epitopenegtrain592	epitopenegtrain592
epitopenegtrain593	epitopenegtrain593
epitopenegtrain594	epitopenegtrain594
epitopenegtrain595	epitopenegtrain595
epitopenegtrain596	epitopenegtrain596
epitopenegtrain597	epitopenegtrain597
epitopenegtrain598	epitopenegtrain598
epitopenegtrain599	epitopenegtrain599
epitopenegtrain600	epitopenegtrain600
epitopenegtrain601	epitopenegtrain601
epitopenegtrain602	epitopenegtrain602
epitopenegtrain603	epitopenegtrain603
epitopenegtrain604	epitopenegtrain604
epitopenegtrain605	epitopenegtrain605
epitopenegtrain606	epitopenegtrain606
epitopenegtrain607	epitopenegtrain607
epitopenegtrain608	epitopenegtrain608
epitopenegtrain609	epitopenegtrain609
epitopenegtrain610	epitopenegtrain610
epitopenegtrain611	epitopenegtrain611
epitopenegtrain612	epitopenegtrain612
epitopenegtrain613	epitopenegtrain613
epitopenegtrain614	epitopenegtrain614
epitopenegtrain615	epitopenegtrain615
epitopenegtrain616	epitopenegtrain616
epitopenegtrain617	epitopenegtrain617
epitopenegtrain618	epitopenegtrain618
epitopenegtrain619	epitopenegtrain619
epitopenegtrain620	epitopenegtrain620
epitopenegtrain621	epitopenegtrain621
epitopenegtrain622	epitopenegtrain622
epitopenegtrain623	epitopenegtrain623
epitopenegtrain624	epitopenegtrain624
epitopenegtrain625	epitopenegtrain625
epitopenegtrain626	epitopenegtrain626
epitopenegtrain627	epitopenegtrain627
epitopenegtrain628	epitopenegtrain628
epitopenegtrain629	epitopenegtrain629
epitopenegtrain630	epitopenegtrain630
epitopenegtrain631	epitopenegtrain631
epitopenegtrain632	epitopenegtrain632
epitopenegtrain633	epitopenegtrain633
epitopenegtrain634	epitopenegtrain634
epitopenegtrain635	epitopenegtrain635
epitopenegtrain636	epitopenegtrain636
epitopenegtrain637	epitopenegtrain637
epitopenegtrain638	epitopenegtrain638
epitopenegtrain639	epitopenegtrain639
epitopenegtrain640	epitopenegtrain640
epitopenegtrain641	epitopenegtrain641
epitopenegtrain642	epitopenegtrain642
epitopenegtrain643	epitopenegtrain643
epitopenegtrain644	epitopenegtrain644
epitopenegtrain645	epitopenegtrain645
epitopenegtrain646	epitopenegtrain646
epitopenegtrain647	epitopenegtrain647
epitopenegtrain648	epitopenegtrain648
epitopenegtrain649	epitopenegtrain649
epitopenegtrain650	epitopenegtrain650
epitopenegtrain651	epitopenegtrain651
epitopenegtrain652	epitopenegtrain652
epitopenegtrain653	epitopenegtrain653
epitopenegtrain654	epitopenegtrain654
epitopenegtrain655	epitopenegtrain655
epitopenegtrain656	epitopenegtrain656
epitopenegtrain657	epitopenegtrain657
epitopenegtrain658	epitopenegtrain658
epitopenegtrain659	epitopenegtrain659
epitopenegtrain660	epitopenegtrain660
epitopenegtrain661	epitopenegtrain661
epitopenegtrain662	epitopenegtrain662
epitopenegtrain663	epitopenegtrain663
epitopenegtrain664	epitopenegtrain664
epitopenegtrain665	epitopenegtrain665
epitopenegtrain666	epitopenegtrain666
epitopenegtrain667	epitopenegtrain667
epitopenegtrain668	epitopenegtrain668
epitopenegtrain669	epitopenegtrain669
epitopenegtrain670	epitopenegtrain670
epitopenegtrain671	epitopenegtrain671
epitopenegtrain672	epitopenegtrain672
epitopenegtrain673	epitopenegtrain673
epitopenegtrain674	epitopenegtrain674
epitopenegtrain675	epitopenegtrain675
epitopenegtrain676	epitopenegtrain676
epitopenegtrain677	epitopenegtrain677
epitopenegtrain678	epitopenegtrain678
epitopenegtrain679	epitopenegtrain679
epitopenegtrain680	epitopenegtrain680
epitopenegtrain681	epitopenegtrain681
epitopenegtrain682	epitopenegtrain682
epitopenegtrain683	epitopenegtrain683
epitopenegtrain684	epitopenegtrain684
epitopenegtrain685	epitopenegtrain685
epitopenegtrain686	epitopenegtrain686
epitopenegtrain687	epitopenegtrain687
epitopenegtrain688	epitopenegtrain688
epitopenegtrain689	epitopenegtrain689
epitopenegtrain690	epitopenegtrain690
epitopenegtrain691	epitopenegtrain691
epitopenegtrain692	epitopenegtrain692
epitopenegtrain693	epitopenegtrain693
epitopenegtrain694	epitopenegtrain694
epitopenegtrain695	epitopenegtrain695
epitopenegtrain696	epitopenegtrain696
epitopenegtrain697	epitopenegtrain697
epitopenegtrain698	epitopenegtrain698
epitopenegtrain699	epitopenegtrain699
epitopenegtrain700	epitopenegtrain700
epitopenegtrain701	epitopenegtrain701
epitopenegtrain702	epitopenegtrain702
epitopenegtrain703	epitopenegtrain703
epitopenegtrain704	epitopenegtrain704
epitopenegtrain705	epitopenegtrain705
epitopenegtrain706	epitopenegtrain706
epitopenegtrain707	epitopenegtrain707
epitopenegtrain708	epitopenegtrain708
epitopenegtrain709	epitopenegtrain709
epitopenegtrain710	epitopenegtrain710
epitopenegtrain711	epitopenegtrain711
epitopenegtrain712	epitopenegtrain712
epitopenegtrain713	epitopenegtrain713
epitopenegtrain714	epitopenegtrain714
epitopenegtrain715	epitopenegtrain715
epitopenegtrain716	epitopenegtrain716
epitopenegtrain717	epitopenegtrain717
epitopenegtrain718	epitopenegtrain718
epitopenegtrain719	epitopenegtrain719
epitopenegtrain720	epitopenegtrain720
epitopenegtrain721	epitopenegtrain721
epitopenegtrain722	epitopenegtrain722
epitopenegtrain723	epitopenegtrain723
epitopenegtrain724	epitopenegtrain724
epitopenegtrain725	epitopenegtrain725
epitopenegtrain726	epitopenegtrain726
epitopenegtrain727	epitopenegtrain727
epitopenegtrain728	epitopenegtrain728
epitopenegtrain729	epitopenegtrain729
epitopenegtrain730	epitopenegtrain730
epitopenegtrain731	epitopenegtrain731
epitopenegtrain732	epitopenegtrain732
epitopenegtrain733	epitopenegtrain733
epitopenegtrain734	epitopenegtrain734
epitopenegtrain735	epitopenegtrain735
epitopenegtrain736	epitopenegtrain736
epitopenegtrain737	epitopenegtrain737
epitopenegtrain738	epitopenegtrain738
epitopenegtrain739	epitopenegtrain739
epitopenegtrain740	epitopenegtrain740
epitopenegtrain741	epitopenegtrain741
epitopenegtrain742	epitopenegtrain742
epitopenegtrain743	epitopenegtrain743
epitopenegtrain744	epitopenegtrain744
epitopenegtrain745	epitopenegtrain745
epitopenegtrain746	epitopenegtrain746
epitopenegtrain747	epitopenegtrain747
epitopenegtrain748	epitopenegtrain748
epitopenegtrain749	epitopenegtrain749
epitopenegtrain750	epitopenegtrain750
epitopenegtrain751	epitopenegtrain751
epitopenegtrain752	epitopenegtrain752
epitopenegtrain753	epitopenegtrain753
epitopenegtrain754	epitopenegtrain754
epitopenegtrain755	epitopenegtrain755
epitopenegtrain756	epitopenegtrain756
epitopenegtrain757	epitopenegtrain757
epitopenegtrain758	epitopenegtrain758
epitopenegtrain759	epitopenegtrain759
epitopenegtrain760	epitopenegtrain760
epitopenegtrain761	epitopenegtrain761
epitopenegtrain762	epitopenegtrain762
epitopenegtrain763	epitopenegtrain763
epitopenegtrain764	epitopenegtrain764
epitopenegtrain765	epitopenegtrain765
epitopenegtrain766	epitopenegtrain766
epitopenegtrain767	epitopenegtrain767
epitopenegtrain768	epitopenegtrain768
epitopenegtrain769	epitopenegtrain769
epitopenegtrain770	epitopenegtrain770
epitopenegtrain771	epitopenegtrain771
epitopenegtrain772	epitopenegtrain772
epitopenegtrain773	epitopenegtrain773
epitopenegtrain774	epitopenegtrain774
epitopenegtrain775	epitopenegtrain775
epitopenegtrain776	epitopenegtrain776
epitopenegtrain777	epitopenegtrain777
epitopenegtrain778	epitopenegtrain778
epitopenegtrain779	epitopenegtrain779
epitopenegtrain780	epitopenegtrain780
epitopenegtrain781	epitopenegtrain781
epitopenegtrain782	epitopenegtrain782
epitopenegtrain783	epitopenegtrain783
epitopenegtrain784	epitopenegtrain784
epitopenegtrain785	epitopenegtrain785
epitopenegtrain786	epitopenegtrain786
epitopenegtrain787	epitopenegtrain787
epitopenegtrain788	epitopenegtrain788
epitopenegtrain789	epitopenegtrain789
epitopenegtrain790	epitopenegtrain790
epitopenegtrain791	epitopenegtrain791
epitopenegtrain792	epitopenegtrain792
epitopenegtrain793	epitopenegtrain793
epitopenegtrain794	epitopenegtrain794
epitopenegtrain795	epitopenegtrain795
epitopenegtrain796	epitopenegtrain796
epitopenegtrain797	epitopenegtrain797
epitopenegtrain798	epitopenegtrain798
epitopenegtrain799	epitopenegtrain799
epitopenegtrain800	epitopenegtrain800
epitopenegtrain801	epitopenegtrain801
epitopenegtrain802	epitopenegtrain802
epitopenegtrain803	epitopenegtrain803
epitopenegtrain804	epitopenegtrain804
epitopenegtrain805	epitopenegtrain805
epitopenegtrain806	epitopenegtrain806
epitopenegtrain807	epitopenegtrain807
epitopenegtrain808	epitopenegtrain808
epitopenegtrain809	epitopenegtrain809
epitopenegtrain810	epitopenegtrain810
epitopenegtrain811	epitopenegtrain811
epitopenegtrain812	epitopenegtrain812
epitopenegtrain813	epitopenegtrain813
epitopenegtrain814	epitopenegtrain814
epitopenegtrain815	epitopenegtrain815
epitopenegtrain816	epitopenegtrain816
epitopenegtrain817	epitopenegtrain817
epitopenegtrain818	epitopenegtrain818
epitopenegtrain819	epitopenegtrain819
epitopenegtrain820	epitopenegtrain820
epitopenegtrain821	epitopenegtrain821
epitopenegtrain822	epitopenegtrain822
epitopenegtrain823	epitopenegtrain823
epitopenegtrain824	epitopenegtrain824
epitopenegtrain825	epitopenegtrain825
epitopenegtrain826	epitopenegtrain826
epitopenegtrain827	epitopenegtrain827
epitopenegtrain828	epitopenegtrain828
epitopenegtrain829	epitopenegtrain829
epitopenegtrain830	epitopenegtrain830
epitopenegtrain831	epitopenegtrain831
epitopenegtrain832	epitopenegtrain832
epitopenegtrain833	epitopenegtrain833
epitopenegtrain834	epitopenegtrain834
epitopenegtrain835	epitopenegtrain835
epitopenegtrain836	epitopenegtrain836
epitopenegtrain837	epitopenegtrain837
epitopenegtrain838	epitopenegtrain838
epitopenegtrain839	epitopenegtrain839
epitopenegtrain840	epitopenegtrain840
epitopenegtrain841	epitopenegtrain841
epitopenegtrain842	epitopenegtrain842
epitopenegtrain843	epitopenegtrain843
epitopenegtrain844	epitopenegtrain844
epitopenegtrain845	epitopenegtrain845
epitopenegtrain846	epitopenegtrain846
epitopenegtrain847	epitopenegtrain847
epitopenegtrain848	epitopenegtrain848
epitopenegtrain849	epitopenegtrain849
epitopenegtrain850	epitopenegtrain850
epitopenegtrain851	epitopenegtrain851
epitopenegtrain852	epitopenegtrain852
epitopenegtrain853	epitopenegtrain853
epitopenegtrain854	epitopenegtrain854
epitopenegtrain855	epitopenegtrain855
epitopenegtrain856	epitopenegtrain856
epitopenegtrain857	epitopenegtrain857
epitopenegtrain858	epitopenegtrain858
epitopenegtrain859	epitopenegtrain859
epitopenegtrain860	epitopenegtrain860
epitopenegtrain861	epitopenegtrain861
epitopenegtrain862	epitopenegtrain862
epitopenegtrain863	epitopenegtrain863
epitopenegtrain864	epitopenegtrain864
epitopenegtrain865	epitopenegtrain865
epitopenegtrain866	epitopenegtrain866
epitopenegtrain867	epitopenegtrain867
epitopenegtrain868	epitopenegtrain868
epitopenegtrain869	epitopenegtrain869
epitopenegtrain870	epitopenegtrain870
epitopenegtrain871	epitopenegtrain871
epitopenegtrain872	epitopenegtrain872
epitopenegtrain873	epitopenegtrain873
epitopenegtrain874	epitopenegtrain874
epitopenegtrain875	epitopenegtrain875
epitopenegtrain876	epitopenegtrain876
epitopenegtrain877	epitopenegtrain877
epitopenegtrain878	epitopenegtrain878
epitopenegtrain879	epitopenegtrain879
epitopenegtrain880	epitopenegtrain880
epitopenegtrain881	epitopenegtrain881
epitopenegtrain882	epitopenegtrain882
epitopenegtrain883	epitopenegtrain883
epitopenegtrain884	epitopenegtrain884
epitopenegtrain885	epitopenegtrain885
epitopenegtrain886	epitopenegtrain886
epitopenegtrain887	epitopenegtrain887
epitopenegtrain888	epitopenegtrain888
epitopenegtrain889	epitopenegtrain889
epitopenegtrain890	epitopenegtrain890
epitopenegtrain891	epitopenegtrain891
epitopenegtrain892	epitopenegtrain892
epitopenegtrain893	epitopenegtrain893
epitopenegtrain894	epitopenegtrain894
epitopenegtrain895	epitopenegtrain895
epitopenegtrain896	epitopenegtrain896
epitopenegtrain897	epitopenegtrain897
epitopenegtrain898	epitopenegtrain898
epitopenegtrain899	epitopenegtrain899
epitopenegtrain900	epitopenegtrain900
epitopenegtrain901	epitopenegtrain901
epitopenegtrain902	epitopenegtrain902
epitopenegtrain903	epitopenegtrain903
epitopenegtrain904	epitopenegtrain904
epitopenegtrain905	epitopenegtrain905
epitopenegtrain906	epitopenegtrain906
epitopenegtrain907	epitopenegtrain907
epitopenegtrain908	epitopenegtrain908
epitopenegtrain909	epitopenegtrain909
epitopenegtrain910	epitopenegtrain910
epitopenegtrain913	epitopenegtrain913
epitopenegtrain914	epitopenegtrain914
epitopenegtrain915	epitopenegtrain915
epitopenegtrain916	epitopenegtrain916
epitopenegtrain917	epitopenegtrain917
epitopenegtrain918	epitopenegtrain918
epitopenegtrain919	epitopenegtrain919
epitopenegtrain920	epitopenegtrain920
epitopenegtrain921	epitopenegtrain921
epitopenegtrain922	epitopenegtrain922
epitopenegtrain923	epitopenegtrain923
epitopenegtrain924	epitopenegtrain924
epitopenegtrain925	epitopenegtrain925
epitopenegtrain926	epitopenegtrain926
epitopenegtrain927	epitopenegtrain927
epitopenegtrain928	epitopenegtrain928
epitopenegtrain929	epitopenegtrain929
epitopenegtrain930	epitopenegtrain930
epitopenegtrain931	epitopenegtrain931
epitopenegtrain932	epitopenegtrain932
epitopenegtrain933	epitopenegtrain933
epitopenegtrain934	epitopenegtrain934
epitopenegtrain935	epitopenegtrain935
epitopenegtrain936	epitopenegtrain936
epitopenegtrain937	epitopenegtrain937
epitopenegtrain938	epitopenegtrain938
epitopenegtrain939	epitopenegtrain939
epitopenegtrain940	epitopenegtrain940
epitopenegtrain941	epitopenegtrain941
epitopenegtrain942	epitopenegtrain942
epitopenegtrain943	epitopenegtrain943
epitopenegtrain944	epitopenegtrain944
epitopenegtrain945	epitopenegtrain945
epitopenegtrain946	epitopenegtrain946
epitopenegtrain947	epitopenegtrain947
epitopenegtrain948	epitopenegtrain948
epitopenegtrain949	epitopenegtrain949
epitopenegtrain950	epitopenegtrain950
epitopenegtrain951	epitopenegtrain951
epitopenegtrain952	epitopenegtrain952
epitopenegtrain953	epitopenegtrain953
epitopenegtrain954	epitopenegtrain954
epitopenegtrain955	epitopenegtrain955
epitopenegtrain956	epitopenegtrain956
epitopenegtrain957	epitopenegtrain957
epitopenegtrain958	epitopenegtrain958
epitopenegtrain959	epitopenegtrain959
epitopenegtrain960	epitopenegtrain960
epitopenegtrain961	epitopenegtrain961
epitopenegtrain962	epitopenegtrain962
epitopenegtrain963	epitopenegtrain963
epitopenegtrain964	epitopenegtrain964
epitopenegtrain965	epitopenegtrain965
epitopenegtrain966	epitopenegtrain966
epitopenegtrain967	epitopenegtrain967
epitopenegtrain968	epitopenegtrain968
epitopenegtrain969	epitopenegtrain969
epitopenegtrain970	epitopenegtrain970
epitopenegtrain971	epitopenegtrain971
epitopenegtrain972	epitopenegtrain972
epitopenegtrain973	epitopenegtrain973
epitopenegtrain974	epitopenegtrain974
epitopenegtrain975	epitopenegtrain975
epitopenegtrain976	epitopenegtrain976
epitopenegtrain977	epitopenegtrain977
epitopenegtrain978	epitopenegtrain978
epitopenegtrain979	epitopenegtrain979
epitopenegtrain980	epitopenegtrain980
epitopenegtrain981	epitopenegtrain981
epitopenegtrain982	epitopenegtrain982
epitopenegtrain983	epitopenegtrain983
epitopenegtrain984	epitopenegtrain984
epitopenegtrain985	epitopenegtrain985
epitopenegtrain986	epitopenegtrain986
epitopenegtrain987	epitopenegtrain987
epitopenegtrain988	epitopenegtrain988
epitopenegtrain989	epitopenegtrain989
epitopenegtrain991	epitopenegtrain991
epitopenegtrain992	epitopenegtrain992
epitopenegtrain993	epitopenegtrain993
epitopenegtrain994	epitopenegtrain994
epitopenegtrain995	epitopenegtrain995
epitopenegtrain996	epitopenegtrain996
epitopenegtrain997	epitopenegtrain997
epitopenegtrain998	epitopenegtrain998
epitopenegtrain999	epitopenegtrain999
epitopenegtrain1000	epitopenegtrain1000
epitopenegtrain1001	epitopenegtrain1001
epitopenegtrain1002	epitopenegtrain1002
epitopenegtrain1003	epitopenegtrain1003
epitopenegtrain1004	epitopenegtrain1004
epitopenegtrain1005	epitopenegtrain1005
epitopenegtrain1006	epitopenegtrain1006
epitopenegtrain1007	epitopenegtrain1007
epitopenegtrain1008	epitopenegtrain1008
epitopenegtrain1009	epitopenegtrain1009
epitopenegtrain1010	epitopenegtrain1010
epitopenegtrain1011	epitopenegtrain1011
epitopenegtrain1012	epitopenegtrain1012
epitopenegtrain1013	epitopenegtrain1013
epitopenegtrain1014	epitopenegtrain1014
epitopenegtrain1015	epitopenegtrain1015
epitopenegtrain1016	epitopenegtrain1016
epitopenegtrain1017	epitopenegtrain1017
epitopenegtrain1018	epitopenegtrain1018
epitopenegtrain1019	epitopenegtrain1019
epitopenegtrain1020	epitopenegtrain1020
epitopenegtrain1021	epitopenegtrain1021
epitopenegtrain1022	epitopenegtrain1022
epitopenegtrain1023	epitopenegtrain1023
epitopenegtrain1024	epitopenegtrain1024
epitopenegtrain1025	epitopenegtrain1025
epitopenegtrain1026	epitopenegtrain1026
epitopenegtrain1027	epitopenegtrain1027
epitopenegtrain1028	epitopenegtrain1028
epitopenegtrain1029	epitopenegtrain1029
epitopenegtrain1030	epitopenegtrain1030
epitopenegtrain1031	epitopenegtrain1031
epitopenegtrain1032	epitopenegtrain1032
epitopenegtrain1033	epitopenegtrain1033
epitopenegtrain1034	epitopenegtrain1034
epitopenegtrain1035	epitopenegtrain1035
epitopenegtrain1036	epitopenegtrain1036
epitopenegtrain1037	epitopenegtrain1037
epitopenegtrain1039	epitopenegtrain1039
epitopenegtrain1040	epitopenegtrain1040
epitopenegtrain1041	epitopenegtrain1041
epitopenegtrain1042	epitopenegtrain1042
epitopenegtrain1043	epitopenegtrain1043
epitopenegtrain1045	epitopenegtrain1045
epitopenegtrain1046	epitopenegtrain1046
epitopenegtrain1047	epitopenegtrain1047
epitopenegtrain1048	epitopenegtrain1048
epitopenegtrain1049	epitopenegtrain1049
epitopenegtrain1050	epitopenegtrain1050
epitopenegtrain1051	epitopenegtrain1051
epitopenegtrain1052	epitopenegtrain1052
epitopenegtrain1053	epitopenegtrain1053
epitopenegtrain1054	epitopenegtrain1054
epitopenegtrain1055	epitopenegtrain1055
epitopenegtrain1056	epitopenegtrain1056
epitopenegtrain1057	epitopenegtrain1057
tr|A0A0V1CIC6|A0A0V1CIC6_TRIBR	tr|A0A0V1CIC6|A0A0V1CIC6_TRIBR
tr|A0A0V1CQP9|A0A0V1CQP9_TRIBR	tr|A0A0V1CQP9|A0A0V1CQP9_TRIBR
tr|F1KRK5|F1KRK5_ASCSU	tr|F1KRK5|F1KRK5_ASCSU
tr|B8F8F2|B8F8F2_GLAP5	tr|B8F8F2|B8F8F2_GLAP5
tr|A0A0V1C101|A0A0V1C101_TRISP	tr|A0A0V1C101|A0A0V1C101_TRISP
tr|A0A0V1DCT2|A0A0V1DCT2_TRIBR	tr|A0A0V1DCT2|A0A0V1DCT2_TRIBR
sp|Q8ZKT7|SQUS_SALTY	sp|Q8ZKT7|SQUS_SALTY
sp|P07637|AROA_SALTY	sp|P07637|AROA_SALTY
tr|F1KZ02|F1KZ02_ASCSU	tr|F1KZ02|F1KZ02_ASCSU
tr|A0A0V1CYV0|A0A0V1CYV0_TRIBR	tr|A0A0V1CYV0|A0A0V1CYV0_TRIBR
tr|D8IFS8|D8IFS8_BRAP9	tr|D8IFS8|D8IFS8_BRAP9
tr|F1KZB8|F1KZB8_ASCSU	tr|F1KZB8|F1KZB8_ASCSU
tr|F1L103|F1L103_ASCSU	tr|F1L103|F1L103_ASCSU
tr|F1KWF7|F1KWF7_ASCSU	tr|F1KWF7|F1KWF7_ASCSU
tr|A0A0V1BT99|A0A0V1BT99_TRISP	tr|A0A0V1BT99|A0A0V1BT99_TRISP
tr|A0A0V1B5Z0|A0A0V1B5Z0_TRISP	tr|A0A0V1B5Z0|A0A0V1B5Z0_TRISP
tr|A3MZK6|A3MZK6_ACTP2	tr|A3MZK6|A3MZK6_ACTP2
tr|A0A0V1BYP7|A0A0V1BYP7_TRISP	tr|A0A0V1BYP7|A0A0V1BYP7_TRISP
tr|A0A0V1B740|A0A0V1B740_TRISP	tr|A0A0V1B740|A0A0V1B740_TRISP
tr|A0A0V1DI43|A0A0V1DI43_TRIBR	tr|A0A0V1DI43|A0A0V1DI43_TRIBR
tr|A0A0V1DEF4|A0A0V1DEF4_TRIBR	tr|A0A0V1DEF4|A0A0V1DEF4_TRIBR
tr|F1LD98|F1LD98_ASCSU	tr|F1LD98|F1LD98_ASCSU
tr|A0A0V1CAD7|A0A0V1CAD7_TRIBR	tr|A0A0V1CAD7|A0A0V1CAD7_TRIBR
tr|A0A0V1D2T2|A0A0V1D2T2_TRIBR	tr|A0A0V1D2T2|A0A0V1D2T2_TRIBR
tr|A0A0V1BRA9|A0A0V1BRA9_TRISP	tr|A0A0V1BRA9|A0A0V1BRA9_TRISP
tr|Q8ZQ36|Q8ZQ36_SALTY	tr|Q8ZQ36|Q8ZQ36_SALTY
tr|F1L4X4|F1L4X4_ASCSU	tr|F1L4X4|F1L4X4_ASCSU
tr|A0A0V1DC79|A0A0V1DC79_TRIBR	tr|A0A0V1DC79|A0A0V1DC79_TRIBR
tr|A0A0V1BS92|A0A0V1BS92_TRISP	tr|A0A0V1BS92|A0A0V1BS92_TRISP
tr|A3N1M5|A3N1M5_ACTP2	tr|A3N1M5|A3N1M5_ACTP2
tr|B8F7V7|B8F7V7_GLAP5	tr|B8F7V7|B8F7V7_GLAP5
tr|F1KZD2|F1KZD2_ASCSU	tr|F1KZD2|F1KZD2_ASCSU
tr|A0A0H3N2R3|A0A0H3N2R3_STRS4	tr|A0A0H3N2R3|A0A0H3N2R3_STRS4
tr|F1L9I4|F1L9I4_ASCSU	tr|F1L9I4|F1L9I4_ASCSU
tr|D8IAZ1|D8IAZ1_BRAP9	tr|D8IAZ1|D8IAZ1_BRAP9
tr|A0A0V1CRJ5|A0A0V1CRJ5_TRIBR	tr|A0A0V1CRJ5|A0A0V1CRJ5_TRIBR
tr|A0A0V1DB84|A0A0V1DB84_TRIBR	tr|A0A0V1DB84|A0A0V1DB84_TRIBR
tr|Q8ZQY0|Q8ZQY0_SALTY	tr|Q8ZQY0|Q8ZQY0_SALTY
tr|A0A0V1BBA1|A0A0V1BBA1_TRISP	tr|A0A0V1BBA1|A0A0V1BBA1_TRISP
tr|A0A0V1BKS9|A0A0V1BKS9_TRISP	tr|A0A0V1BKS9|A0A0V1BKS9_TRISP
tr|A0A0V1CQR7|A0A0V1CQR7_TRIBR	tr|A0A0V1CQR7|A0A0V1CQR7_TRIBR
sp|Q06400|YEDE_SALTY	sp|Q06400|YEDE_SALTY
tr|E5SP85|E5SP85_TRISP	tr|E5SP85|E5SP85_TRISP
tr|F1KZV3|F1KZV3_ASCSU	tr|F1KZV3|F1KZV3_ASCSU
tr|A0A0V1CQG3|A0A0V1CQG3_TRIBR	tr|A0A0V1CQG3|A0A0V1CQG3_TRIBR
tr|F1KPT4|F1KPT4_ASCSU	tr|F1KPT4|F1KPT4_ASCSU
tr|Q8ZLR2|Q8ZLR2_SALTY	tr|Q8ZLR2|Q8ZLR2_SALTY
tr|D8IEE8|D8IEE8_BRAP9	tr|D8IEE8|D8IEE8_BRAP9
tr|A0A0V1CZX3|A0A0V1CZX3_TRIBR	tr|A0A0V1CZX3|A0A0V1CZX3_TRIBR
tr|F1L5J2|F1L5J2_ASCSU	tr|F1L5J2|F1L5J2_ASCSU
tr|F1KT41|F1KT41_ASCSU	tr|F1KT41|F1KT41_ASCSU
tr|A0A0V1BQQ5|A0A0V1BQQ5_TRISP	tr|A0A0V1BQQ5|A0A0V1BQQ5_TRISP
tr|F1KTG4|F1KTG4_ASCSU	tr|F1KTG4|F1KTG4_ASCSU
tr|D8I9S5|D8I9S5_BRAP9	tr|D8I9S5|D8I9S5_BRAP9
tr|A0A0V1CYR2|A0A0V1CYR2_TRIBR	tr|A0A0V1CYR2|A0A0V1CYR2_TRIBR
tr|D8IC44|D8IC44_BRAP9	tr|D8IC44|D8IC44_BRAP9
tr|A0A0V1CRT9|A0A0V1CRT9_TRIBR	tr|A0A0V1CRT9|A0A0V1CRT9_TRIBR
tr|F1KPH8|F1KPH8_ASCSU	tr|F1KPH8|F1KPH8_ASCSU
tr|A0A0V1CC07|A0A0V1CC07_TRIBR	tr|A0A0V1CC07|A0A0V1CC07_TRIBR
tr|F1KXL4|F1KXL4_ASCSU	tr|F1KXL4|F1KXL4_ASCSU
tr|A0A0V1DGR5|A0A0V1DGR5_TRIBR	tr|A0A0V1DGR5|A0A0V1DGR5_TRIBR
sp|A3N367|RS17_ACTP2	sp|A3N367|RS17_ACTP2
tr|F1KV36|F1KV36_ASCSU	tr|F1KV36|F1KV36_ASCSU
tr|A0A0V1D4S5|A0A0V1D4S5_TRIBR	tr|A0A0V1D4S5|A0A0V1D4S5_TRIBR
tr|A0A0V1BKV7|A0A0V1BKV7_TRISP	tr|A0A0V1BKV7|A0A0V1BKV7_TRISP
tr|A0A0V1D7W5|A0A0V1D7W5_TRIBR	tr|A0A0V1D7W5|A0A0V1D7W5_TRIBR
tr|A0A0V1BW88|A0A0V1BW88_TRISP	tr|A0A0V1BW88|A0A0V1BW88_TRISP
tr|A0A0V1BIJ9|A0A0V1BIJ9_TRISP	tr|A0A0V1BIJ9|A0A0V1BIJ9_TRISP
tr|A0A0V1CBN3|A0A0V1CBN3_TRIBR	tr|A0A0V1CBN3|A0A0V1CBN3_TRIBR
tr|F1KUD0|F1KUD0_ASCSU	tr|F1KUD0|F1KUD0_ASCSU
sp|Q8ZQR2|HUTI_SALTY	sp|Q8ZQR2|HUTI_SALTY
sp|P58679|ISPH_SALTY	sp|P58679|ISPH_SALTY
tr|A0A0V1DI97|A0A0V1DI97_TRIBR	tr|A0A0V1DI97|A0A0V1DI97_TRIBR
tr|A0A0V1D2Z6|A0A0V1D2Z6_TRIBR	tr|A0A0V1D2Z6|A0A0V1D2Z6_TRIBR
tr|A0A0V1AXY8|A0A0V1AXY8_TRISP	tr|A0A0V1AXY8|A0A0V1AXY8_TRISP
tr|F1LBJ8|F1LBJ8_ASCSU	tr|F1LBJ8|F1LBJ8_ASCSU
tr|F1KYH2|F1KYH2_ASCSU	tr|F1KYH2|F1KYH2_ASCSU
tr|F1L6L1|F1L6L1_ASCSU	tr|F1L6L1|F1L6L1_ASCSU
sp|Q08698|RIR3_SALTY	sp|Q08698|RIR3_SALTY
tr|A0A0V1B4J4|A0A0V1B4J4_TRISP	tr|A0A0V1B4J4|A0A0V1B4J4_TRISP
tr|Q8ZP89|Q8ZP89_SALTY	tr|Q8ZP89|Q8ZP89_SALTY
tr|A0A0V1D4E0|A0A0V1D4E0_TRIBR	tr|A0A0V1D4E0|A0A0V1D4E0_TRIBR
tr|A0A0V1D720|A0A0V1D720_TRIBR	tr|A0A0V1D720|A0A0V1D720_TRIBR
tr|F1KZV8|F1KZV8_ASCSU	tr|F1KZV8|F1KZV8_ASCSU
tr|A0A0V1DDA3|A0A0V1DDA3_TRIBR	tr|F1L9W2|F1L9W2_ASCSU
tr|A0A0V1DDA3|A0A0V1DDA3_TRIBR	tr|A0A0V1DDA3|A0A0V1DDA3_TRIBR
tr|F1LBK3|F1LBK3_ASCSU	tr|F1LBK3|F1LBK3_ASCSU
tr|A0A0V1CXW7|A0A0V1CXW7_TRIBR	tr|A0A0V1CXW7|A0A0V1CXW7_TRIBR
tr|A0A0V1D182|A0A0V1D182_TRIBR	tr|A0A0V1D182|A0A0V1D182_TRIBR
tr|F1KX63|F1KX63_ASCSU	tr|F1KX63|F1KX63_ASCSU
tr|F1KX16|F1KX16_ASCSU	tr|F1KX16|F1KX16_ASCSU
tr|F1LH85|F1LH85_ASCSU	tr|F1LH85|F1LH85_ASCSU
tr|A0A0V1C9F7|A0A0V1C9F7_TRIBR	tr|A0A0V1C9F7|A0A0V1C9F7_TRIBR
tr|Q8ZLG4|Q8ZLG4_SALTY	tr|Q8ZLG4|Q8ZLG4_SALTY
tr|A0A0V1D8R4|A0A0V1D8R4_TRIBR	tr|A0A0V1D8R4|A0A0V1D8R4_TRIBR
tr|F1L8S3|F1L8S3_ASCSU	tr|F1L8S3|F1L8S3_ASCSU
tr|B8F335|B8F335_GLAP5	tr|B8F335|B8F335_GLAP5
tr|A0A0V1D8Q8|A0A0V1D8Q8_TRIBR	tr|A0A0V1D8Q8|A0A0V1D8Q8_TRIBR
tr|Q8ZL31|Q8ZL31_SALTY	tr|Q8ZL31|Q8ZL31_SALTY
tr|D8IEY6|D8IEY6_BRAP9	tr|D8IEY6|D8IEY6_BRAP9
tr|A0A0V1AZI8|A0A0V1AZI8_TRISP	tr|A0A0V1AZI8|A0A0V1AZI8_TRISP
tr|A0A0V1BHA6|A0A0V1BHA6_TRISP	tr|A0A0V1BHA6|A0A0V1BHA6_TRISP
tr|F1KX72|F1KX72_ASCSU	tr|F1KX72|F1KX72_ASCSU
tr|F1L2I9|F1L2I9_ASCSU	tr|F1L2I9|F1L2I9_ASCSU
tr|F1L393|F1L393_ASCSU	tr|F1L393|F1L393_ASCSU
tr|F1KT50|F1KT50_ASCSU	tr|F1KT50|F1KT50_ASCSU
tr|A0A0V1CJG0|A0A0V1CJG0_TRIBR	tr|A0A0V1CJG0|A0A0V1CJG0_TRIBR
tr|A0A0V1CUA8|A0A0V1CUA8_TRIBR	tr|A0A0V1CUA8|A0A0V1CUA8_TRIBR
tr|A0A0V1BQW8|A0A0V1BQW8_TRISP	tr|A0A0V1BQW8|A0A0V1BQW8_TRISP
tr|A0A0V1BSZ0|A0A0V1BSZ0_TRISP	tr|A0A0V1BSZ0|A0A0V1BSZ0_TRISP
tr|F1L7S5|F1L7S5_ASCSU	tr|F1L7S5|F1L7S5_ASCSU
tr|A0A0V1CS22|A0A0V1CS22_TRIBR	tr|A0A0V1CS22|A0A0V1CS22_TRIBR
tr|D8IC59|D8IC59_BRAP9	tr|D8IC59|D8IC59_BRAP9
tr|A3N1C2|A3N1C2_ACTP2	tr|A3N1C2|A3N1C2_ACTP2
tr|A0A0V1DE86|A0A0V1DE86_TRIBR	tr|A0A0V1DE86|A0A0V1DE86_TRIBR
tr|A0A0V1AXD4|A0A0V1AXD4_TRISP	tr|A0A0V1AXD4|A0A0V1AXD4_TRISP
tr|A0A0V1DEQ0|A0A0V1DEQ0_TRIBR	tr|A0A0V1DEQ0|A0A0V1DEQ0_TRIBR
tr|Q8ZQ32|Q8ZQ32_SALTY	tr|Q8ZQ32|Q8ZQ32_SALTY
tr|A0A0V1DII1|A0A0V1DII1_TRIBR	tr|A0A0V1DII1|A0A0V1DII1_TRIBR
tr|A0A0V1AS29|A0A0V1AS29_TRISP	tr|A0A0V1AS29|A0A0V1AS29_TRISP
tr|F1L1N8|F1L1N8_ASCSU	tr|F1L1N8|F1L1N8_ASCSU
tr|A0A0H3MZN2|A0A0H3MZN2_STRS4	tr|A0A0H3MZN2|A0A0H3MZN2_STRS4
tr|F1L4B5|F1L4B5_ASCSU	tr|F1L4B5|F1L4B5_ASCSU
tr|A0A0V1B7G7|A0A0V1B7G7_TRISP	tr|A0A0V1B7G7|A0A0V1B7G7_TRISP
tr|F1KQS7|F1KQS7_ASCSU	tr|F1KQS7|F1KQS7_ASCSU
tr|A0A0V1B4N7|A0A0V1B4N7_TRISP	tr|A0A0V1B4N7|A0A0V1B4N7_TRISP
tr|A0A0V1BPI4|A0A0V1BPI4_TRISP	tr|A0A0V1BPI4|A0A0V1BPI4_TRISP
tr|A0A0V1DG74|A0A0V1DG74_TRIBR	tr|A0A0V1DG74|A0A0V1DG74_TRIBR
tr|F1L208|F1L208_ASCSU	tr|F1L208|F1L208_ASCSU
tr|A0A0V1DG83|A0A0V1DG83_TRIBR	tr|A0A0V1DG83|A0A0V1DG83_TRIBR
tr|A3N1L9|A3N1L9_ACTP2	tr|A3N1L9|A3N1L9_ACTP2
tr|A0A0V1CAQ4|A0A0V1CAQ4_TRIBR	tr|A0A0V1CAQ4|A0A0V1CAQ4_TRIBR
tr|A0A0V1CVU2|A0A0V1CVU2_TRIBR	tr|A0A0V1CVU2|A0A0V1CVU2_TRIBR
tr|F1L0K8|F1L0K8_ASCSU	tr|F1L0K8|F1L0K8_ASCSU
tr|F1KVA9|F1KVA9_ASCSU	tr|F1KVA9|F1KVA9_ASCSU
tr|Q8ZR71|Q8ZR71_SALTY	tr|Q8ZR71|Q8ZR71_SALTY
tr|A0A0V1CNI3|A0A0V1CNI3_TRIBR	tr|A0A0V1CNI3|A0A0V1CNI3_TRIBR
tr|Q8ZRL3|Q8ZRL3_SALTY	tr|Q8ZRL3|Q8ZRL3_SALTY
sp|A3N369|RL5_ACTP2	sp|A3N369|RL5_ACTP2
sp|A3N369|RL5_ACTP2	sp|B8F6Q9|RL5_GLAP5
tr|B8F6A6|B8F6A6_GLAP5	tr|B8F6A6|B8F6A6_GLAP5
tr|F1LB38|F1LB38_ASCSU	tr|F1LB38|F1LB38_ASCSU
tr|A3N167|A3N167_ACTP2	tr|A3N167|A3N167_ACTP2
tr|A0A0V1D4L8|A0A0V1D4L8_TRIBR	tr|A0A0V1D4L8|A0A0V1D4L8_TRIBR
tr|A0A0H3MYQ2|A0A0H3MYQ2_STRS4	tr|A0A0H3MYQ2|A0A0H3MYQ2_STRS4
tr|A0A0V1D713|A0A0V1D713_TRIBR	tr|A0A0V1D713|A0A0V1D713_TRIBR
tr|E5SWB3|E5SWB3_TRISP	tr|E5SWB3|E5SWB3_TRISP
tr|F1L2V7|F1L2V7_ASCSU	tr|F1L2V7|F1L2V7_ASCSU
tr|F1KU85|F1KU85_ASCSU	tr|F1KU85|F1KU85_ASCSU
tr|A0A0V1DBL0|A0A0V1DBL0_TRIBR	tr|A0A0V1DBL0|A0A0V1DBL0_TRIBR
tr|A0A0V1CW73|A0A0V1CW73_TRIBR	tr|A0A0V1CW73|A0A0V1CW73_TRIBR
sp|Q8ZKA8|QUEG_SALTY	sp|Q8ZKA8|QUEG_SALTY
tr|F1L2A7|F1L2A7_ASCSU	tr|F1L2A7|F1L2A7_ASCSU
tr|A0A0H3N1C6|A0A0H3N1C6_STRS4	tr|A0A0H3N1C6|A0A0H3N1C6_STRS4
tr|A0A0V1D8A5|A0A0V1D8A5_TRIBR	tr|A0A0V1D8A5|A0A0V1D8A5_TRIBR
tr|A0A0V1CXB5|A0A0V1CXB5_TRIBR	tr|A0A0V1CXB5|A0A0V1CXB5_TRIBR
tr|F1KV94|F1KV94_ASCSU	tr|F1KV94|F1KV94_ASCSU
tr|A0A0V1C1S2|A0A0V1C1S2_TRISP	tr|A0A0V1CUV9|A0A0V1CUV9_TRIBR
tr|A0A0V1C1S2|A0A0V1C1S2_TRISP	tr|A0A0V1C1S2|A0A0V1C1S2_TRISP
tr|A0A0H3MWY7|A0A0H3MWY7_STRS4	tr|A0A0H3MWY7|A0A0H3MWY7_STRS4
tr|F1KUE7|F1KUE7_ASCSU	tr|F1KUE7|F1KUE7_ASCSU
sp|Q8ZP49|YCIC_SALTY	sp|Q8ZP49|YCIC_SALTY
tr|F1KXD0|F1KXD0_ASCSU	tr|F1KXD0|F1KXD0_ASCSU
tr|A3N0E5|A3N0E5_ACTP2	tr|A3N0E5|A3N0E5_ACTP2
tr|A0A0V1C2D0|A0A0V1C2D0_TRISP	tr|A0A0V1C2D0|A0A0V1C2D0_TRISP
tr|A0A0V1AZ94|A0A0V1AZ94_TRISP	tr|A0A0V1AZ94|A0A0V1AZ94_TRISP
tr|A0A0H3MTZ9|A0A0H3MTZ9_STRS4	tr|A0A0H3MTZ9|A0A0H3MTZ9_STRS4
tr|F1L1C3|F1L1C3_ASCSU	tr|F1L1C3|F1L1C3_ASCSU
tr|A0A0V1DFV8|A0A0V1DFV8_TRIBR	tr|A0A0V1DFV8|A0A0V1DFV8_TRIBR
tr|A0A0V1CF47|A0A0V1CF47_TRIBR	tr|A0A0V1CF47|A0A0V1CF47_TRIBR
tr|A0A0V1AWB8|A0A0V1AWB8_TRISP	tr|A0A0V1AWB8|A0A0V1AWB8_TRISP
tr|B8F827|B8F827_GLAP5	tr|B8F827|B8F827_GLAP5
tr|F1KX06|F1KX06_ASCSU	tr|F1KX06|F1KX06_ASCSU
tr|A0A0V1CLL3|A0A0V1CLL3_TRIBR	tr|A0A0V1CLL3|A0A0V1CLL3_TRIBR
tr|A0A0V1D9N7|A0A0V1D9N7_TRIBR	tr|A0A0V1D9N7|A0A0V1D9N7_TRIBR
tr|A0A0V1D2V5|A0A0V1D2V5_TRIBR	tr|A0A0V1D2V5|A0A0V1D2V5_TRIBR
tr|F1L0Q6|F1L0Q6_ASCSU	tr|F1L0Q6|F1L0Q6_ASCSU
tr|A0A0H3N059|A0A0H3N059_STRS4	tr|A0A0H3N059|A0A0H3N059_STRS4
tr|F1KVR6|F1KVR6_ASCSU	tr|F1KVR6|F1KVR6_ASCSU
tr|A0A0V1DCD4|A0A0V1DCD4_TRIBR	tr|A0A0V1DCR8|A0A0V1DCR8_TRIBR
tr|A0A0V1DCD4|A0A0V1DCD4_TRIBR	tr|A0A0V1DCD4|A0A0V1DCD4_TRIBR
tr|A0A0V1C9C5|A0A0V1C9C5_TRIBR	tr|A0A0V1C9C5|A0A0V1C9C5_TRIBR
tr|A0A0V1B4R9|A0A0V1B4R9_TRISP	tr|A0A0V1B4R9|A0A0V1B4R9_TRISP
tr|Q8ZM37|Q8ZM37_SALTY	tr|Q8ZM37|Q8ZM37_SALTY
tr|A0A0V1BKU8|A0A0V1BKU8_TRISP	tr|A0A0V1BKU8|A0A0V1BKU8_TRISP
tr|A0A0V1D7J7|A0A0V1D7J7_TRIBR	tr|A0A0V1D7J7|A0A0V1D7J7_TRIBR
tr|F1KT13|F1KT13_ASCSU	tr|F1KT13|F1KT13_ASCSU
tr|A0A0V1D689|A0A0V1D689_TRIBR	tr|A0A0V1D689|A0A0V1D689_TRIBR
tr|A0A0V1D7P7|A0A0V1D7P7_TRIBR	tr|A0A0V1D7P7|A0A0V1D7P7_TRIBR
tr|A0A0V1CYZ8|A0A0V1CYZ8_TRIBR	tr|A0A0V1CYZ8|A0A0V1CYZ8_TRIBR
tr|A0A0V1BAI4|A0A0V1BAI4_TRISP	tr|A0A0V1BAI4|A0A0V1BAI4_TRISP
tr|A0A0V1BPC3|A0A0V1BPC3_TRISP	tr|A0A0V1BPC3|A0A0V1BPC3_TRISP
tr|A0A0V1CR59|A0A0V1CR59_TRIBR	tr|A0A0V1CR59|A0A0V1CR59_TRIBR
tr|A0A0V1BYM7|A0A0V1BYM7_TRISP	tr|A0A0V1BYM7|A0A0V1BYM7_TRISP
tr|A0A0V1AY93|A0A0V1AY93_TRISP	tr|A0A0V1AY93|A0A0V1AY93_TRISP
tr|A0A0V1CPH6|A0A0V1CPH6_TRIBR	tr|A0A0V1CPH6|A0A0V1CPH6_TRIBR
sp|A3N2D4|ACCA_ACTP2	sp|A3N2D4|ACCA_ACTP2
tr|A0A0V1BEM2|A0A0V1BEM2_TRISP	tr|A0A0V1BEM2|A0A0V1BEM2_TRISP
tr|D8IEL4|D8IEL4_BRAP9	tr|D8IEL4|D8IEL4_BRAP9
tr|B8F4D7|B8F4D7_GLAP5	tr|B8F4D7|B8F4D7_GLAP5
tr|A0A0V1CV58|A0A0V1CV58_TRIBR	tr|A0A0V1CV58|A0A0V1CV58_TRIBR
tr|Q7CPD9|Q7CPD9_SALTY	tr|Q7CPD9|Q7CPD9_SALTY
tr|F1L2S0|F1L2S0_ASCSU	tr|F1L2S0|F1L2S0_ASCSU
tr|A0A0V1C5G1|A0A0V1C5G1_TRIBR	tr|A0A0V1C5G1|A0A0V1C5G1_TRIBR
tr|A0A0V1CTK6|A0A0V1CTK6_TRIBR	tr|A0A0V1CTK6|A0A0V1CTK6_TRIBR
tr|A0A0V1CKA9|A0A0V1CKA9_TRIBR	tr|A0A0V1CKA9|A0A0V1CKA9_TRIBR
tr|E5SDF4|E5SDF4_TRISP	tr|E5SDF4|E5SDF4_TRISP
tr|A0A0V1CWY8|A0A0V1CWY8_TRIBR	tr|A0A0V1CWY8|A0A0V1CWY8_TRIBR
tr|A3N388|A3N388_ACTP2	tr|A3N388|A3N388_ACTP2
tr|F1L1I1|F1L1I1_ASCSU	tr|F1L1I1|F1L1I1_ASCSU
tr|F1KS66|F1KS66_ASCSU	tr|F1KS66|F1KS66_ASCSU
tr|A0A0V1DE38|A0A0V1DE38_TRIBR	tr|A0A0V1DE38|A0A0V1DE38_TRIBR
tr|A0A0V1D806|A0A0V1D806_TRIBR	tr|A0A0V1D806|A0A0V1D806_TRIBR
tr|A0A0V1BDE8|A0A0V1BDE8_TRISP	tr|A0A0V1BDE8|A0A0V1BDE8_TRISP
tr|A0A0V1CQ63|A0A0V1CQ63_TRIBR	tr|A0A0V1CQ63|A0A0V1CQ63_TRIBR
tr|A0A0V1CIF1|A0A0V1CIF1_TRIBR	tr|A0A0V1CIF1|A0A0V1CIF1_TRIBR
tr|A0A0V1BY92|A0A0V1BY92_TRISP	tr|A0A0V1BY92|A0A0V1BY92_TRISP
tr|A0A0V1D6V8|A0A0V1D6V8_TRIBR	tr|A0A0V1D6V8|A0A0V1D6V8_TRIBR
tr|A0A0V1C8S3|A0A0V1C8S3_TRIBR	tr|A0A0V1C8S3|A0A0V1C8S3_TRIBR
tr|A0A0V1CG09|A0A0V1CG09_TRIBR	tr|A0A0V1CG09|A0A0V1CG09_TRIBR
tr|A3N2C8|A3N2C8_ACTP2	tr|A3N2C8|A3N2C8_ACTP2
tr|A0A0V1BYZ1|A0A0V1BYZ1_TRISP	tr|A0A0V1BYZ1|A0A0V1BYZ1_TRISP
tr|F1L9L1|F1L9L1_ASCSU	tr|F1L9L1|F1L9L1_ASCSU
tr|F1LG41|F1LG41_ASCSU	tr|F1LG41|F1LG41_ASCSU
tr|A0A0V1AR94|A0A0V1AR94_TRISP	tr|A0A0V1AR94|A0A0V1AR94_TRISP
tr|A0A0V1AVN6|A0A0V1AVN6_TRISP	tr|A0A0V1AVN6|A0A0V1AVN6_TRISP
sp|P39434|SLT_SALTY	sp|P39434|SLT_SALTY
tr|F1LGU7|F1LGU7_ASCSU	tr|F1LGU7|F1LGU7_ASCSU
tr|A0A0V1B5M8|A0A0V1B5M8_TRISP	tr|A0A0V1B5M8|A0A0V1B5M8_TRISP
tr|A0A0V1ALR8|A0A0V1ALR8_TRIBR	tr|A0A0V1ALR8|A0A0V1ALR8_TRIBR
tr|B8F782|B8F782_GLAP5	tr|B8F782|B8F782_GLAP5
tr|A0A0V1BJ28|A0A0V1BJ28_TRISP	tr|A0A0V1BJ28|A0A0V1BJ28_TRISP
tr|A0A0V1BVD3|A0A0V1BVD3_TRISP	tr|A0A0V1BVD3|A0A0V1BVD3_TRISP
tr|Q7CPW0|Q7CPW0_SALTY	tr|Q7CPW0|Q7CPW0_SALTY
tr|F1L6E5|F1L6E5_ASCSU	tr|F1L6E5|F1L6E5_ASCSU
tr|A0A0V1AJG2|A0A0V1AJG2_TRIBR	tr|A0A0V1AJG2|A0A0V1AJG2_TRIBR
tr|A0A0V1BZC6|A0A0V1BZC6_TRISP	tr|A0A0V1BZC6|A0A0V1BZC6_TRISP
tr|A0A0V1C574|A0A0V1C574_TRIBR	tr|A0A0V1C574|A0A0V1C574_TRIBR
tr|A0A223M9D9|A0A223M9D9_MESHO	tr|A0A223M9D9|A0A223M9D9_MESHO
tr|Q8ZMW3|Q8ZMW3_SALTY	tr|Q8ZMW3|Q8ZMW3_SALTY
tr|A0A0V1CIH5|A0A0V1CIH5_TRIBR	tr|A0A0V1CIH5|A0A0V1CIH5_TRIBR
tr|A0A0V1C9J8|A0A0V1C9J8_TRIBR	tr|A0A0V1C9J8|A0A0V1C9J8_TRIBR
tr|F1LEE0|F1LEE0_ASCSU	tr|F1LEE0|F1LEE0_ASCSU
tr|Q7CR53|Q7CR53_SALTY	tr|Q7CR53|Q7CR53_SALTY
tr|A0A0V1ARG4|A0A0V1ARG4_TRIBR	tr|A0A0V1ARG4|A0A0V1ARG4_TRIBR
tr|A0A0V1DAA9|A0A0V1DAA9_TRIBR	tr|A0A0V1DAA9|A0A0V1DAA9_TRIBR
tr|A0A0V1AKZ6|A0A0V1AKZ6_TRISP	tr|A0A0V1AKZ6|A0A0V1AKZ6_TRISP
tr|Q8ZKE4|Q8ZKE4_SALTY	tr|Q8ZKE4|Q8ZKE4_SALTY
tr|F1L6D1|F1L6D1_ASCSU	tr|F1L6D1|F1L6D1_ASCSU
tr|D8IER3|D8IER3_BRAP9	tr|D8IER3|D8IER3_BRAP9
tr|A0A0V1BK94|A0A0V1BK94_TRISP	tr|A0A0V1BK94|A0A0V1BK94_TRISP
tr|A0A0V1CSA4|A0A0V1CSA4_TRIBR	tr|A0A0V1CSA4|A0A0V1CSA4_TRIBR
tr|F1LCH0|F1LCH0_ASCSU	tr|F1LCH0|F1LCH0_ASCSU
tr|A0A0V1CKQ8|A0A0V1CKQ8_TRIBR	tr|A0A0V1CKQ8|A0A0V1CKQ8_TRIBR
sp|Q8ZNN4|SYM_SALTY	sp|Q8ZNN4|SYM_SALTY
tr|A0A0V1CRY7|A0A0V1CRY7_TRIBR	tr|A0A0V1CRY7|A0A0V1CRY7_TRIBR
tr|A0A0V1D8F8|A0A0V1D8F8_TRIBR	tr|A0A0V1D8F8|A0A0V1D8F8_TRIBR
tr|A0A0V1CR96|A0A0V1CR96_TRIBR	tr|A0A0V1CR96|A0A0V1CR96_TRIBR
tr|A0A0V1CUU8|A0A0V1CUU8_TRIBR	tr|A0A0V1CUU8|A0A0V1CUU8_TRIBR
tr|A0A0V1D5X5|A0A0V1D5X5_TRIBR	tr|A0A0V1D5X5|A0A0V1D5X5_TRIBR
tr|F1L3Y1|F1L3Y1_ASCSU	tr|F1L3Y1|F1L3Y1_ASCSU
tr|F1L6E3|F1L6E3_ASCSU	tr|F1L6E3|F1L6E3_ASCSU
tr|A0A0V1B459|A0A0V1B459_TRISP	tr|A0A0V1B459|A0A0V1B459_TRISP
tr|A0A0V1BS74|A0A0V1BS74_TRISP	tr|A0A0V1BS74|A0A0V1BS74_TRISP
tr|A0A0V1CEL1|A0A0V1CEL1_TRIBR	tr|A0A0V1CEL1|A0A0V1CEL1_TRIBR
tr|B8F387|B8F387_GLAP5	tr|B8F387|B8F387_GLAP5
tr|A0A0V1CMJ0|A0A0V1CMJ0_TRIBR	tr|A0A0V1CMJ0|A0A0V1CMJ0_TRIBR
tr|Q8ZNB3|Q8ZNB3_SALTY	tr|Q8ZNB3|Q8ZNB3_SALTY
tr|A0A0V1B7R5|A0A0V1B7R5_TRISP	tr|A0A0V1B7R5|A0A0V1B7R5_TRISP
tr|F1L382|F1L382_ASCSU	tr|F1L382|F1L382_ASCSU
tr|A0A0V1CZX0|A0A0V1CZX0_TRIBR	tr|A0A0V1CZX0|A0A0V1CZX0_TRIBR
tr|F1KVB2|F1KVB2_ASCSU	tr|F1KVB2|F1KVB2_ASCSU
tr|F1KS24|F1KS24_ASCSU	tr|F1KS24|F1KS24_ASCSU
tr|A0A0V0YWA5|A0A0V0YWA5_TRIBR	tr|A0A0V0YWA5|A0A0V0YWA5_TRIBR
tr|D8IAW2|D8IAW2_BRAP9	tr|D8IAW2|D8IAW2_BRAP9
tr|A0A0V1CX23|A0A0V1CX23_TRIBR	tr|A0A0V1CX23|A0A0V1CX23_TRIBR
tr|A0A0V1B8Y0|A0A0V1B8Y0_TRISP	tr|A0A0V1B8Y0|A0A0V1B8Y0_TRISP
tr|D8ICE1|D8ICE1_BRAP9	tr|D8ICE1|D8ICE1_BRAP9
tr|E5S7H3|E5S7H3_TRISP	tr|A0A0V1CY35|A0A0V1CY35_TRIBR
tr|E5S7H3|E5S7H3_TRISP	tr|E5S7H3|E5S7H3_TRISP
tr|A0A0V0YXN3|A0A0V0YXN3_TRIBR	tr|A0A0V0YXN3|A0A0V0YXN3_TRIBR
tr|A0A0V1D2L3|A0A0V1D2L3_TRIBR	tr|A0A0V1D2L3|A0A0V1D2L3_TRIBR
tr|A0A0V1D0Z5|A0A0V1D0Z5_TRIBR	tr|A0A0V1D0Z5|A0A0V1D0Z5_TRIBR
tr|B8F6B8|B8F6B8_GLAP5	tr|B8F6B8|B8F6B8_GLAP5
sp|B8F4B1|UBIG_GLAP5	sp|B8F4B1|UBIG_GLAP5
tr|A0A223M902|A0A223M902_MESHO	tr|A0A223M902|A0A223M902_MESHO
tr|A0A0V1C117|A0A0V1C117_TRISP	tr|A0A0V1C117|A0A0V1C117_TRISP
tr|A0A0V1BL36|A0A0V1BL36_TRISP	tr|A0A0V1BL36|A0A0V1BL36_TRISP
tr|F1L138|F1L138_ASCSU	tr|F1L138|F1L138_ASCSU
tr|A0A0V1AY18|A0A0V1AY18_TRISP	tr|A0A0V1AY18|A0A0V1AY18_TRISP
tr|A0A0V1D0Y4|A0A0V1D0Y4_TRIBR	tr|A0A0V1D0Y4|A0A0V1D0Y4_TRIBR
tr|F1KVM4|F1KVM4_ASCSU	tr|F1KVM4|F1KVM4_ASCSU
tr|A0A0V1BYH1|A0A0V1BYH1_TRISP	tr|A0A0V1BYH1|A0A0V1BYH1_TRISP
tr|A0A0V1D052|A0A0V1D052_TRIBR	tr|A0A0V1D052|A0A0V1D052_TRIBR
tr|A0A0H3N522|A0A0H3N522_STRS4	tr|A0A0H3N522|A0A0H3N522_STRS4
tr|A0A0V1BI17|A0A0V1BI17_TRISP	tr|A0A0V1BI17|A0A0V1BI17_TRISP
tr|A0A0V1CZ47|A0A0V1CZ47_TRIBR	tr|A0A0V1CZ47|A0A0V1CZ47_TRIBR
tr|F1L5Z0|F1L5Z0_ASCSU	tr|F1L5Z0|F1L5Z0_ASCSU
tr|A0A0V1AWR7|A0A0V1AWR7_TRISP	tr|A0A0V1AWR7|A0A0V1AWR7_TRISP
tr|A0A0V1D355|A0A0V1D355_TRIBR	tr|A0A0V1D355|A0A0V1D355_TRIBR
tr|F1KX52|F1KX52_ASCSU	tr|F1KX52|F1KX52_ASCSU
tr|F1LC87|F1LC87_ASCSU	tr|F1LC87|F1LC87_ASCSU
tr|F1L7D0|F1L7D0_ASCSU	tr|F1L7D0|F1L7D0_ASCSU
tr|A0A0V1C8U6|A0A0V1C8U6_TRIBR	tr|A0A0V1C8U6|A0A0V1C8U6_TRIBR
tr|A0A0V1BHL6|A0A0V1BHL6_TRISP	tr|A0A0V1BHL6|A0A0V1BHL6_TRISP
tr|A0A0V1CBZ8|A0A0V1CBZ8_TRIBR	tr|A0A0V1C3Z3|A0A0V1C3Z3_TRIBR
tr|A0A0V1CBZ8|A0A0V1CBZ8_TRIBR	tr|A0A0V1CBZ8|A0A0V1CBZ8_TRIBR
tr|A0A0V1BWR2|A0A0V1BWR2_TRISP	tr|A0A0V1BWR2|A0A0V1BWR2_TRISP
tr|A0A0H3MYN3|A0A0H3MYN3_STRS4	tr|A0A0H3MYN3|A0A0H3MYN3_STRS4
tr|A0A0V1CXV8|A0A0V1CXV8_TRIBR	tr|A0A0V1CXV8|A0A0V1CXV8_TRIBR
tr|Q8ZQJ8|Q8ZQJ8_SALTY	tr|Q8ZQJ8|Q8ZQJ8_SALTY
tr|A0A0V1DB32|A0A0V1DB32_TRIBR	tr|A0A0V1DB32|A0A0V1DB32_TRIBR
sp|P0A1I1|PHSB_SALTY	sp|P0A1I1|PHSB_SALTY
tr|F1KW40|F1KW40_ASCSU	tr|F1KW40|F1KW40_ASCSU
tr|F1KVT0|F1KVT0_ASCSU	tr|F1KVT0|F1KVT0_ASCSU
tr|A0A0V1ASP5|A0A0V1ASP5_TRISP	tr|A0A0V1ASP5|A0A0V1ASP5_TRISP
tr|A0A0V1C5C9|A0A0V1C5C9_TRIBR	tr|A0A0V1C5C9|A0A0V1C5C9_TRIBR
tr|D8IDS7|D8IDS7_BRAP9	tr|D8IDS7|D8IDS7_BRAP9
sp|P0A2R8|CORA_SALTY	sp|P0A2R8|CORA_SALTY
tr|A0A0V1DG15|A0A0V1DG15_TRIBR	tr|A0A0V1DG15|A0A0V1DG15_TRIBR
tr|Q8MUG9|Q8MUG9_TAESO	tr|Q8MUG9|Q8MUG9_TAESO
tr|Q8ZQL0|Q8ZQL0_SALTY	tr|Q8ZQL0|Q8ZQL0_SALTY
tr|A0A223M8Z0|A0A223M8Z0_MESHO	tr|A0A223M8Z0|A0A223M8Z0_MESHO
tr|D8ID41|D8ID41_BRAP9	tr|D8ID41|D8ID41_BRAP9
tr|F1LBH9|F1LBH9_ASCSU	tr|F1LBH9|F1LBH9_ASCSU
sp|A3N0H9|PURR_ACTP2	sp|A3N0H9|PURR_ACTP2
tr|A0A0V1B8T4|A0A0V1B8T4_TRISP	tr|A0A0V1B8T4|A0A0V1B8T4_TRISP
tr|Q93GS2|Q93GS2_SALTY	tr|Q93GS2|Q93GS2_SALTY
tr|Q8ZNP0|Q8ZNP0_SALTY	tr|Q8ZNP0|Q8ZNP0_SALTY
tr|A0A0V1CKL8|A0A0V1CKL8_TRIBR	tr|A0A0V1CKL8|A0A0V1CKL8_TRIBR
tr|A0A0V1AJB7|A0A0V1AJB7_TRISP	tr|A0A0V1AJB7|A0A0V1AJB7_TRISP
tr|D8IDS6|D8IDS6_BRAP9	tr|D8IDS6|D8IDS6_BRAP9
tr|A3N025|A3N025_ACTP2	tr|A3N025|A3N025_ACTP2
epitopepostest2	epitopepostest2
epitopepostest3	epitopepostest3
epitopepostest4	epitopepostest4
epitopepostest5	epitopepostest5
epitopepostest6	epitopepostest6
epitopepostest6	epitopepostrain620
epitopepostest8	epitopepostest8
epitopepostest9	epitopepostest9
epitopepostest10	epitopepostest10
epitopepostest11	epitopepostest11
epitopepostest13	epitopenegtrain912
epitopepostest13	epitopepostest13
epitopepostest13	epitopepostrain414
epitopepostest14	epitopepostest14
epitopepostest15	epitopepostest15
epitopepostest16	epitopepostest16
epitopepostest17	epitopepostest17
epitopepostest18	epitopepostest18
epitopepostest20	epitopepostest20
epitopepostest21	epitopepostest21
epitopepostest22	epitopepostest22
epitopepostest23	epitopepostest23
epitopepostest24	epitopepostest24
epitopepostest25	epitopepostest25
epitopepostest26	epitopepostest26
epitopepostest28	epitopepostest28
epitopepostest29	epitopepostest29
epitopepostest30	epitopepostest30
epitopepostest31	epitopepostest31
epitopepostest32	epitopepostest32
epitopepostest33	epitopepostest33
epitopepostest33	epitopepostrain584
epitopepostest34	epitopepostest34
epitopepostrain5	epitopepostest27
epitopepostrain5	epitopepostrain1
epitopepostrain5	epitopepostrain2
epitopepostrain5	epitopepostrain3
epitopepostrain5	epitopepostrain4
epitopepostrain5	epitopepostrain5
epitopepostrain5	epitopepostrain6
epitopepostrain5	epitopepostrain7
epitopepostrain5	epitopepostrain11
epitopepostrain5	epitopepostrain12
epitopepostrain5	epitopepostrain21
epitopepostrain5	epitopepostrain22
epitopepostrain8	epitopepostest12
epitopepostrain8	epitopepostrain8
epitopepostrain8	epitopepostrain17
epitopepostrain9	epitopepostrain9
epitopepostrain9	epitopepostrain18
epitopepostrain10	epitopepostrain10
epitopepostrain10	epitopepostrain19
epitopepostrain13	epitopepostest35
epitopepostrain13	epitopepostrain13
epitopepostrain13	epitopepostrain23
epitopepostrain14	epitopepostrain14
epitopepostrain14	epitopepostrain24
epitopepostrain15	epitopepostest1
epitopepostrain15	epitopepostrain15
epitopepostrain15	epitopepostrain25
epitopepostrain16	epitopepostrain16
epitopepostrain27	epitopepostrain27
epitopepostrain28	epitopepostrain28
epitopepostrain29	epitopepostrain29
epitopepostrain30	epitopepostrain30
epitopepostrain31	epitopepostrain31
epitopepostrain32	epitopepostrain32
epitopepostrain33	epitopepostrain33
epitopepostrain33	epitopepostrain42
epitopepostrain34	epitopepostrain34
epitopepostrain35	epitopepostrain35
epitopepostrain36	epitopepostrain36
epitopepostrain37	epitopepostrain37
epitopepostrain38	epitopepostrain38
epitopepostrain39	epitopepostrain39
epitopepostrain40	epitopepostrain40
epitopepostrain41	epitopepostrain41
epitopepostrain43	epitopepostrain43
epitopepostrain44	epitopepostrain44
epitopepostrain45	epitopepostrain45
epitopepostrain46	epitopepostrain46
epitopepostrain47	epitopepostrain47
epitopepostrain48	epitopepostrain48
epitopepostrain49	epitopepostrain49
epitopepostrain50	epitopepostrain50
epitopepostrain51	epitopepostrain51
epitopepostrain52	epitopepostrain52
epitopepostrain53	epitopepostrain53
epitopepostrain54	epitopepostrain54
epitopepostrain56	epitopepostrain56
epitopepostrain57	epitopepostrain57
epitopepostrain58	epitopepostrain58
epitopepostrain60	epitopepostrain60
epitopepostrain61	epitopepostrain61
epitopepostrain62	epitopepostrain62
epitopepostrain63	epitopepostrain63
epitopepostrain64	epitopepostrain64
epitopepostrain65	epitopepostrain65
epitopepostrain66	epitopepostrain66
epitopepostrain67	epitopepostrain67
epitopepostrain68	epitopepostrain68
epitopepostrain69	epitopepostrain69
epitopepostrain70	epitopepostrain70
epitopepostrain71	epitopepostrain71
epitopepostrain72	epitopepostrain72
epitopepostrain73	epitopepostrain73
epitopepostrain76	epitopepostrain76
epitopepostrain77	epitopepostrain77
epitopepostrain78	epitopepostrain78
epitopepostrain80	epitopepostrain80
epitopepostrain80	epitopepostrain85
epitopepostrain81	epitopepostrain81
epitopepostrain82	epitopepostrain82
epitopepostrain83	epitopepostrain83
epitopepostrain86	epitopepostrain86
epitopepostrain87	epitopepostrain87
epitopepostrain88	epitopepostrain88
epitopepostrain90	epitopepostrain90
epitopepostrain91	epitopepostrain91
epitopepostrain92	epitopepostrain92
epitopepostrain92	epitopepostrain93
epitopepostrain94	epitopepostrain94
epitopepostrain95	epitopepostrain95
epitopepostrain96	epitopepostrain96
epitopepostrain97	epitopepostrain97
epitopepostrain98	epitopepostrain98
epitopepostrain99	epitopepostrain99
epitopepostrain100	epitopepostrain100
epitopepostrain101	epitopepostrain101
epitopepostrain102	epitopepostrain102
epitopepostrain103	epitopepostrain103
epitopepostrain104	epitopepostrain104
epitopepostrain105	epitopepostrain105
epitopepostrain106	epitopepostrain106
epitopepostrain107	epitopepostrain107
epitopepostrain108	epitopepostrain108
epitopepostrain109	epitopepostrain109
epitopepostrain110	epitopepostrain110
epitopepostrain111	epitopepostrain111
epitopepostrain112	epitopepostrain112
epitopepostrain113	epitopepostrain113
epitopepostrain114	epitopepostrain114
epitopepostrain115	epitopepostrain115
epitopepostrain116	epitopepostrain116
epitopepostrain117	epitopepostrain117
epitopepostrain118	epitopepostrain118
epitopepostrain119	epitopepostrain119
epitopepostrain120	epitopepostrain120
epitopepostrain121	epitopepostrain121
epitopepostrain122	epitopepostrain122
epitopepostrain123	epitopepostrain123
epitopepostrain124	epitopepostrain124
epitopepostrain125	epitopepostrain125
epitopepostrain126	epitopepostrain126
epitopepostrain127	epitopepostrain127
epitopepostrain128	epitopepostrain128
epitopepostrain129	epitopepostrain129
epitopepostrain130	epitopepostrain130
epitopepostrain131	epitopepostrain131
epitopepostrain132	epitopepostrain132
epitopepostrain133	epitopepostrain133
epitopepostrain134	epitopepostrain134
epitopepostrain135	epitopepostrain135
epitopepostrain136	epitopepostrain136
epitopepostrain137	epitopepostrain137
epitopepostrain138	epitopepostrain138
epitopepostrain139	epitopepostrain139
epitopepostrain140	epitopepostrain140
epitopepostrain141	epitopepostrain141
epitopepostrain142	epitopepostrain142
epitopepostrain143	epitopepostrain143
epitopepostrain144	epitopepostrain144
epitopepostrain145	epitopepostrain145
epitopepostrain147	epitopepostrain147
epitopepostrain148	epitopepostrain148
epitopepostrain149	epitopepostrain149
epitopepostrain150	epitopepostrain150
epitopepostrain151	epitopepostrain151
epitopepostrain152	epitopepostrain152
epitopepostrain153	epitopepostrain153
epitopepostrain154	epitopepostrain154
epitopepostrain155	epitopepostrain155
epitopepostrain156	epitopepostrain156
epitopepostrain157	epitopepostrain157
epitopepostrain158	epitopepostrain158
epitopepostrain159	epitopepostrain159
epitopepostrain160	epitopepostrain160
epitopepostrain161	epitopepostrain161
epitopepostrain162	epitopepostrain162
epitopepostrain163	epitopepostrain163
epitopepostrain164	epitopepostrain164
epitopepostrain165	epitopepostrain165
epitopepostrain166	epitopepostrain166
epitopepostrain167	epitopepostrain167
epitopepostrain168	epitopepostrain168
epitopepostrain169	epitopepostrain169
epitopepostrain170	epitopepostrain170
epitopepostrain171	epitopepostrain171
epitopepostrain172	epitopepostrain172
epitopepostrain173	epitopepostrain173
epitopepostrain174	epitopepostrain174
epitopepostrain175	epitopepostrain175
epitopepostrain176	epitopepostrain176
epitopepostrain177	epitopepostrain177
epitopepostrain178	epitopepostrain178
epitopepostrain179	epitopepostrain179
epitopepostrain180	epitopepostrain180
epitopepostrain181	epitopepostrain181
epitopepostrain182	epitopepostrain182
epitopepostrain183	epitopepostrain183
epitopepostrain184	epitopepostrain184
epitopepostrain185	epitopepostrain185
epitopepostrain186	epitopepostrain186
epitopepostrain187	epitopepostrain187
epitopepostrain188	epitopepostrain188
epitopepostrain189	epitopepostrain189
epitopepostrain190	epitopepostrain190
epitopepostrain191	epitopepostrain191
epitopepostrain192	epitopepostrain192
epitopepostrain193	epitopepostrain193
epitopepostrain194	epitopepostrain194
epitopepostrain195	epitopepostrain195
epitopepostrain196	epitopepostrain196
epitopepostrain197	epitopepostrain197
epitopepostrain198	epitopepostrain198
epitopepostrain199	epitopepostrain199
epitopepostrain200	epitopepostrain200
epitopepostrain201	epitopepostrain201
epitopepostrain202	epitopepostrain202
epitopepostrain203	epitopepostrain203
epitopepostrain204	epitopepostrain204
epitopepostrain205	epitopepostrain205
epitopepostrain206	epitopepostrain206
epitopepostrain207	epitopepostrain207
epitopepostrain208	epitopepostrain208
epitopepostrain209	epitopepostrain209
epitopepostrain210	epitopepostrain210
epitopepostrain211	epitopepostrain211
epitopepostrain212	epitopepostrain212
epitopepostrain214	epitopepostrain214
epitopepostrain215	epitopepostrain215
epitopepostrain216	epitopepostrain216
epitopepostrain217	epitopepostrain217
epitopepostrain218	epitopepostrain218
epitopepostrain219	epitopepostrain219
epitopepostrain220	epitopepostrain220
epitopepostrain221	epitopepostrain221
epitopepostrain222	epitopepostrain222
epitopepostrain223	epitopepostrain223
epitopepostrain224	epitopepostrain224
epitopepostrain225	epitopepostrain225
epitopepostrain226	epitopepostrain226
epitopepostrain227	epitopepostrain227
epitopepostrain228	epitopepostrain228
epitopepostrain229	epitopepostrain229
epitopepostrain230	epitopepostrain230
epitopepostrain231	epitopepostrain231
epitopepostrain233	epitopepostrain232
epitopepostrain233	epitopepostrain233
epitopepostrain234	epitopepostrain234
epitopepostrain235	epitopepostrain235
epitopepostrain236	epitopepostrain236
epitopepostrain237	epitopepostrain237
epitopepostrain238	epitopepostrain238
epitopepostrain239	epitopepostrain239
epitopepostrain240	epitopepostrain240
epitopepostrain241	epitopepostrain241
epitopepostrain242	epitopepostrain242
epitopepostrain243	epitopepostrain243
epitopepostrain244	epitopepostrain244
epitopepostrain245	epitopepostrain245
epitopepostrain246	epitopepostrain246
epitopepostrain247	epitopepostrain247
epitopepostrain248	epitopepostrain248
epitopepostrain249	epitopepostrain249
epitopepostrain250	epitopepostrain250
epitopepostrain251	epitopepostrain251
epitopepostrain252	epitopepostrain252
epitopepostrain253	epitopepostrain253
epitopepostrain254	epitopepostrain254
epitopepostrain255	epitopepostrain255
epitopepostrain256	epitopepostrain256
epitopepostrain257	epitopepostrain257
epitopepostrain258	epitopepostrain258
epitopepostrain259	epitopepostrain259
epitopepostrain260	epitopepostrain260
epitopepostrain261	epitopepostrain261
epitopepostrain262	epitopepostrain262
epitopepostrain263	epitopepostrain263
epitopepostrain264	epitopepostrain264
epitopepostrain265	epitopepostrain265
epitopepostrain266	epitopepostrain266
epitopepostrain267	epitopepostrain267
epitopepostrain268	epitopepostrain268
epitopepostrain269	epitopepostrain269
epitopepostrain270	epitopepostrain270
epitopepostrain271	epitopepostrain271
epitopepostrain272	epitopepostrain272
epitopepostrain273	epitopepostrain273
epitopepostrain274	epitopepostrain274
epitopepostrain275	epitopepostrain275
epitopepostrain276	epitopepostrain276
epitopepostrain277	epitopepostrain277
epitopepostrain278	epitopepostrain278
epitopepostrain279	epitopepostrain279
epitopepostrain280	epitopepostrain280
epitopepostrain281	epitopepostrain281
epitopepostrain282	epitopepostrain282
epitopepostrain283	epitopepostrain283
epitopepostrain284	epitopepostrain284
epitopepostrain285	epitopepostest19
epitopepostrain285	epitopepostrain285
epitopepostrain285	epitopepostrain286
epitopepostrain287	epitopepostrain287
epitopepostrain288	epitopepostrain288
epitopepostrain289	epitopepostrain289
epitopepostrain290	epitopepostrain290
epitopepostrain291	epitopepostrain291
epitopepostrain292	epitopepostrain292
epitopepostrain293	epitopepostrain293
epitopepostrain294	epitopepostrain294
epitopepostrain295	epitopepostrain295
epitopepostrain296	epitopepostrain296
epitopepostrain297	epitopepostrain297
epitopepostrain298	epitopepostrain298
epitopepostrain299	epitopepostrain299
epitopepostrain300	epitopepostrain300
epitopepostrain301	epitopepostrain301
epitopepostrain302	epitopepostrain302
epitopepostrain303	epitopepostrain303
epitopepostrain304	epitopepostrain304
epitopepostrain305	epitopepostrain305
epitopepostrain306	epitopepostrain306
epitopepostrain307	epitopepostrain307
epitopepostrain308	epitopepostrain308
epitopepostrain309	epitopepostrain309
epitopepostrain310	epitopepostrain310
epitopepostrain311	epitopepostrain311
epitopepostrain312	epitopepostrain312
epitopepostrain313	epitopepostrain313
epitopepostrain314	epitopepostrain314
epitopepostrain315	epitopepostrain315
epitopepostrain316	epitopepostrain316
epitopepostrain317	epitopepostrain317
epitopepostrain318	epitopepostrain318
epitopepostrain319	epitopepostrain319
epitopepostrain320	epitopepostrain320
epitopepostrain321	epitopepostrain321
epitopepostrain322	epitopepostrain322
epitopepostrain323	epitopepostrain323
epitopepostrain324	epitopepostrain324
epitopepostrain325	epitopepostrain325
epitopepostrain326	epitopepostrain326
epitopepostrain327	epitopepostrain327
epitopepostrain328	epitopepostrain328
epitopepostrain329	epitopepostrain329
epitopepostrain330	epitopepostrain330
epitopepostrain331	epitopepostrain331
epitopepostrain332	epitopepostrain332
epitopepostrain333	epitopepostrain333
epitopepostrain334	epitopepostrain334
epitopepostrain335	epitopepostrain335
epitopepostrain336	epitopepostrain336
epitopepostrain337	epitopepostrain337
epitopepostrain338	epitopepostrain338
epitopepostrain339	epitopepostrain339
epitopepostrain340	epitopepostrain340
epitopepostrain341	epitopepostrain341
epitopepostrain342	epitopepostrain342
epitopepostrain343	epitopepostrain343
epitopepostrain344	epitopepostrain344
epitopepostrain345	epitopepostrain345
epitopepostrain346	epitopepostrain346
epitopepostrain347	epitopepostrain347
epitopepostrain348	epitopepostrain348
epitopepostrain349	epitopepostrain349
epitopepostrain350	epitopepostrain350
epitopepostrain351	epitopepostrain351
epitopepostrain352	epitopepostrain352
epitopepostrain353	epitopepostrain353
epitopepostrain354	epitopepostrain354
epitopepostrain355	epitopepostrain355
epitopepostrain356	epitopepostrain356
epitopepostrain357	epitopepostrain357
epitopepostrain358	epitopepostrain358
epitopepostrain359	epitopepostrain359
epitopepostrain360	epitopepostrain360
epitopepostrain361	epitopepostrain361
epitopepostrain362	epitopepostrain362
epitopepostrain363	epitopepostrain363
epitopepostrain364	epitopepostrain364
epitopepostrain365	epitopepostrain365
epitopepostrain366	epitopepostrain366
epitopepostrain367	epitopepostrain367
epitopepostrain368	epitopepostrain368
epitopepostrain369	epitopepostrain369
epitopepostrain370	epitopepostrain370
epitopepostrain371	epitopepostrain371
epitopepostrain372	epitopepostrain372
epitopepostrain373	epitopepostrain373
epitopepostrain374	epitopepostrain374
epitopepostrain375	epitopepostrain375
epitopepostrain376	epitopepostrain376
epitopepostrain377	epitopepostrain377
epitopepostrain378	epitopepostrain378
epitopepostrain379	epitopepostrain379
epitopepostrain380	epitopepostrain380
epitopepostrain381	epitopepostrain381
epitopepostrain382	epitopepostrain382
epitopepostrain383	epitopepostrain383
epitopepostrain384	epitopepostrain384
epitopepostrain385	epitopepostrain385
epitopepostrain386	epitopepostrain386
epitopepostrain387	epitopepostrain387
epitopepostrain388	epitopepostrain388
epitopepostrain389	epitopepostrain389
epitopepostrain390	epitopepostrain390
epitopepostrain391	epitopepostrain391
epitopepostrain391	epitopepostrain534
epitopepostrain392	epitopepostrain392
epitopepostrain392	epitopepostrain535
epitopepostrain393	epitopepostrain393
epitopepostrain393	epitopepostrain397
epitopepostrain393	epitopepostrain524
epitopepostrain393	epitopepostrain525
epitopepostrain393	epitopepostrain536
epitopepostrain395	epitopepostest7
epitopepostrain395	epitopepostrain395
epitopepostrain395	epitopepostrain538
epitopepostrain398	epitopepostrain398
epitopepostrain398	epitopepostrain399
epitopepostrain400	epitopepostrain400
epitopepostrain401	epitopepostrain401
epitopepostrain402	epitopepostrain402
epitopepostrain403	epitopepostrain403
epitopepostrain404	epitopepostrain404
epitopepostrain406	epitopepostrain406
epitopepostrain407	epitopepostrain407
epitopepostrain408	epitopepostrain408
epitopepostrain408	epitopepostrain409
epitopepostrain410	epitopepostrain410
epitopepostrain410	epitopepostrain411
epitopepostrain416	epitopepostrain416
epitopepostrain417	epitopepostrain417
epitopepostrain418	epitopepostrain418
epitopepostrain419	epitopepostrain419
epitopepostrain420	epitopepostrain412
epitopepostrain420	epitopepostrain413
epitopepostrain420	epitopepostrain420
epitopepostrain422	epitopepostrain422
epitopepostrain423	epitopepostrain423
epitopepostrain424	epitopepostrain424
epitopepostrain425	epitopepostrain425
epitopepostrain426	epitopepostrain426
epitopepostrain427	epitopepostrain427
epitopepostrain428	epitopepostrain428
epitopepostrain429	epitopepostrain429
epitopepostrain430	epitopepostrain430
epitopepostrain431	epitopepostrain431
epitopepostrain432	epitopepostrain432
epitopepostrain433	epitopepostrain433
epitopepostrain434	epitopepostrain434
epitopepostrain435	epitopepostrain435
epitopepostrain436	epitopepostrain436
epitopepostrain437	epitopepostrain437
epitopepostrain438	epitopepostrain438
epitopepostrain439	epitopepostrain439
epitopepostrain440	epitopepostrain440
epitopepostrain441	epitopepostrain441
epitopepostrain442	epitopepostrain442
epitopepostrain443	epitopepostrain443
epitopepostrain444	epitopepostrain444
epitopepostrain445	epitopepostrain445
epitopepostrain446	epitopepostrain446
epitopepostrain447	epitopepostrain447
epitopepostrain448	epitopepostrain448
epitopepostrain449	epitopepostrain449
epitopepostrain450	epitopepostrain450
epitopepostrain451	epitopepostrain394
epitopepostrain451	epitopepostrain451
epitopepostrain451	epitopepostrain537
epitopepostrain451	epitopepostrain550
epitopepostrain452	epitopepostrain452
epitopepostrain453	epitopepostrain453
epitopepostrain454	epitopepostrain454
epitopepostrain455	epitopepostrain455
epitopepostrain456	epitopepostrain456
epitopepostrain457	epitopepostrain457
epitopepostrain458	epitopepostrain458
epitopepostrain459	epitopepostrain459
epitopepostrain460	epitopepostrain460
epitopepostrain461	epitopepostrain461
epitopepostrain462	epitopepostrain462
epitopepostrain463	epitopepostrain463
epitopepostrain464	epitopepostrain464
epitopepostrain465	epitopepostrain465
epitopepostrain466	epitopepostrain466
epitopepostrain467	epitopepostrain467
epitopepostrain468	epitopepostrain468
epitopepostrain469	epitopepostrain469
epitopepostrain470	epitopepostrain470
epitopepostrain471	epitopepostrain471
epitopepostrain473	epitopepostrain473
epitopepostrain474	epitopepostrain474
epitopepostrain475	epitopepostrain475
epitopepostrain476	epitopepostrain476
epitopepostrain477	epitopepostrain477
epitopepostrain478	epitopepostrain478
epitopepostrain479	epitopepostrain479
epitopepostrain480	epitopepostrain480
epitopepostrain481	epitopepostrain481
epitopepostrain482	epitopepostrain482
epitopepostrain483	epitopepostrain483
epitopepostrain484	epitopepostrain484
epitopepostrain485	epitopepostrain485
epitopepostrain486	epitopepostrain486
epitopepostrain487	epitopepostrain487
epitopepostrain488	epitopepostrain488
epitopepostrain489	epitopepostrain489
epitopepostrain490	epitopepostrain490
epitopepostrain491	epitopepostrain491
epitopepostrain492	epitopepostrain492
epitopepostrain493	epitopepostrain493
epitopepostrain494	epitopepostrain494
epitopepostrain495	epitopepostrain495
epitopepostrain496	epitopepostrain496
epitopepostrain497	epitopepostrain497
epitopepostrain499	epitopepostrain499
epitopepostrain500	epitopepostrain500
epitopepostrain501	epitopepostrain501
epitopepostrain502	epitopepostrain502
epitopepostrain503	epitopepostrain503
epitopepostrain504	epitopepostrain504
epitopepostrain505	epitopepostrain505
epitopepostrain506	epitopepostrain506
epitopepostrain507	epitopepostrain507
epitopepostrain508	epitopepostrain508
epitopepostrain509	epitopepostrain509
epitopepostrain510	epitopepostrain510
epitopepostrain511	epitopepostrain511
epitopepostrain512	epitopepostrain512
epitopepostrain513	epitopepostrain513
epitopepostrain514	epitopepostrain514
epitopepostrain515	epitopepostrain515
epitopepostrain516	epitopepostrain516
epitopepostrain517	epitopepostrain517
epitopepostrain518	epitopepostrain518
epitopepostrain519	epitopepostrain519
epitopepostrain520	epitopepostrain520
epitopepostrain521	epitopepostrain521
epitopepostrain522	epitopepostrain522
epitopepostrain523	epitopepostrain523
epitopepostrain526	epitopepostrain526
epitopepostrain527	epitopepostrain527
epitopepostrain528	epitopepostrain528
epitopepostrain529	epitopepostrain529
epitopepostrain530	epitopepostrain530
epitopepostrain531	epitopepostrain531
epitopepostrain532	epitopepostrain532
epitopepostrain533	epitopepostrain533
epitopepostrain539	epitopepostrain396
epitopepostrain539	epitopepostrain539
epitopepostrain540	epitopepostrain540
epitopepostrain541	epitopepostrain541
epitopepostrain542	epitopepostrain542
epitopepostrain543	epitopepostrain543
epitopepostrain544	epitopepostrain544
epitopepostrain545	epitopepostrain545
epitopepostrain546	epitopepostrain546
epitopepostrain547	epitopepostrain547
epitopepostrain548	epitopepostrain548
epitopepostrain549	epitopepostrain549
epitopepostrain551	epitopepostrain551
epitopepostrain552	epitopepostrain552
epitopepostrain553	epitopepostrain553
epitopepostrain554	epitopepostrain554
epitopepostrain555	epitopepostrain555
epitopepostrain556	epitopepostrain556
epitopepostrain557	epitopepostrain557
epitopepostrain558	epitopepostrain558
epitopepostrain559	epitopepostrain559
epitopepostrain560	epitopepostrain560
epitopepostrain561	epitopepostrain561
epitopepostrain562	epitopepostrain562
epitopepostrain563	epitopepostrain563
epitopepostrain564	epitopepostrain564
epitopepostrain565	epitopepostrain565
epitopepostrain566	epitopepostrain566
epitopepostrain567	epitopepostrain567
epitopepostrain568	epitopepostrain568
epitopepostrain569	epitopepostrain569
epitopepostrain570	epitopepostrain570
epitopepostrain571	epitopepostrain571
epitopepostrain572	epitopepostrain572
epitopepostrain573	epitopepostrain79
epitopepostrain573	epitopepostrain84
epitopepostrain573	epitopepostrain89
epitopepostrain573	epitopepostrain146
epitopepostrain573	epitopepostrain573
epitopepostrain573	epitopepostrain575
epitopepostrain573	epitopepostrain577
epitopepostrain576	epitopepostrain576
epitopepostrain578	epitopepostrain574
epitopepostrain578	epitopepostrain578
epitopepostrain578	epitopepostrain579
epitopepostrain580	epitopepostrain580
epitopepostrain581	epitopepostrain581
epitopepostrain582	epitopepostrain582
epitopepostrain583	epitopepostrain583
epitopepostrain585	epitopepostrain585
epitopepostrain586	epitopepostrain586
epitopepostrain587	epitopepostrain587
epitopepostrain588	epitopepostrain588
epitopepostrain589	epitopepostrain589
epitopepostrain591	epitopepostrain591
epitopepostrain592	epitopepostrain592
epitopepostrain593	epitopepostrain593
epitopepostrain594	epitopepostrain594
epitopepostrain595	epitopepostrain595
epitopepostrain596	epitopepostrain596
epitopepostrain597	epitopepostrain597
epitopepostrain598	epitopepostrain598
epitopepostrain599	epitopepostrain599
epitopepostrain600	epitopepostrain600
epitopepostrain601	epitopepostrain601
epitopepostrain602	epitopepostrain602
epitopepostrain603	epitopepostrain603
epitopepostrain604	epitopepostrain604
epitopepostrain605	epitopepostrain605
epitopepostrain606	epitopepostrain606
epitopepostrain607	epitopepostrain607
epitopepostrain608	epitopepostrain608
epitopepostrain609	epitopepostrain609
epitopepostrain610	epitopepostrain610
epitopepostrain611	epitopepostrain611
epitopepostrain612	epitopepostrain612
epitopepostrain613	epitopepostrain613
epitopepostrain614	epitopepostrain614
epitopepostrain615	epitopepostrain615
epitopepostrain616	epitopepostrain616
epitopepostrain617	epitopepostrain617
epitopepostrain618	epitopepostrain618
epitopepostrain619	epitopepostrain619
epitopepostrain621	epitopepostrain621
XP_003377744.1	XP_003377744.1
XP_003378864.1	XP_003378864.1
XP_003373758.1	XP_003373758.1
XP_003375946.1	XP_003375946.1
XP_003380702.1	XP_003380702.1
XP_003371512.1	XP_003371512.1
XP_003369698.1	XP_003369698.1
XP_003380739.1	XP_003380739.1
XP_003375677.1	XP_003375677.1
XP_003379925.1	XP_003379925.1
XP_003373175.1	XP_003373175.1
XP_003379541.1	XP_003379541.1
XP_003370215.1	XP_003370215.1
XP_003373575.1	XP_003373575.1
AAT39739.1	AAT39739.1
XP_003377684.1	XP_003377684.1
XP_003372968.1	XP_003372968.1
XP_003371709.1	XP_003371709.1
XP_003376286.1	XP_003376286.1
XP_003370236.1	XP_003370236.1
XP_003372613.1	XP_003372613.1
XP_003370320.1	XP_003370320.1
XP_003372346.1	XP_003372346.1
XP_003378071.1	XP_003378071.1
XP_003374549.1	XP_003374549.1
XP_003371943.1	XP_003371943.1
XP_003375659.1	XP_003371578.1
XP_003375659.1	XP_003375659.1
XP_003376773.1	XP_003376773.1
XP_003379157.1	XP_003379157.1
XP_003375379.1	XP_003375379.1
XP_003374153.1	XP_003374153.1
XP_003377702.1	XP_003377702.1
tr|A0A0V1BD93|A0A0V1BD93_TRISP	tr|A0A0V1BD93|A0A0V1BD93_TRISP
tr|A0A0V1APR5|A0A0V1APR5_TRISP	tr|A0A0V1APR5|A0A0V1APR5_TRISP
tr|A0A0V1BSV1|A0A0V1BSV1_TRISP	tr|A0A0V1BSV1|A0A0V1BSV1_TRISP
tr|A0A0V1C075|A0A0V1C075_TRISP	tr|A0A0V1C075|A0A0V1C075_TRISP
tr|E5RYV9|E5RYV9_TRISP	tr|E5RYV9|E5RYV9_TRISP
tr|A0A0V1B2X1|A0A0V1B2X1_TRISP	tr|A0A0V1B2X1|A0A0V1B2X1_TRISP
tr|A0A0V1AS64|A0A0V1AS64_TRISP	tr|A0A0V1ASF3|A0A0V1ASF3_TRISP
tr|A0A0V1AS64|A0A0V1AS64_TRISP	tr|A0A0V1AS64|A0A0V1AS64_TRISP
tr|A0A0V1AVV5|A0A0V1AVV5_TRISP	tr|A0A0V1AVV5|A0A0V1AVV5_TRISP
tr|A0A0V1BXV2|A0A0V1BXV2_TRISP	tr|A0A0V1BXV2|A0A0V1BXV2_TRISP
tr|A0A0V1ASF1|A0A0V1ASF1_TRISP	tr|A0A0V1ASF1|A0A0V1ASF1_TRISP
tr|A0A0V1BH58|A0A0V1BH58_TRISP	tr|A0A0V1BH58|A0A0V1BH58_TRISP
tr|A0A0V1AX39|A0A0V1AX39_TRISP	tr|A0A0V1AX39|A0A0V1AX39_TRISP
tr|A0A0V1C1L0|A0A0V1C1L0_TRISP	tr|A0A0V1C1L0|A0A0V1C1L0_TRISP
tr|E5S9D6|E5S9D6_TRISP	tr|E5S9D6|E5S9D6_TRISP
tr|A0A0V1B1S0|A0A0V1B1S0_TRISP	tr|A0A0V1B1S0|A0A0V1B1S0_TRISP
tr|A0A0V1AYM6|A0A0V1AYM6_TRISP	tr|A0A0V1AYM6|A0A0V1AYM6_TRISP
tr|E5RYD6|E5RYD6_TRISP	tr|E5RYD6|E5RYD6_TRISP
tr|A0A0V1BN13|A0A0V1BN13_TRISP	tr|A0A0V1BN13|A0A0V1BN13_TRISP
tr|A0A0V1BCK0|A0A0V1BCK0_TRISP	tr|A0A0V1BCK0|A0A0V1BCK0_TRISP
tr|A0A0V1BWP3|A0A0V1BWP3_TRISP	tr|A0A0V1BWP3|A0A0V1BWP3_TRISP
tr|A0A0V1B1P7|A0A0V1B1P7_TRISP	tr|A1BQX7|A1BQX7_TRISP
tr|A0A0V1B1P7|A0A0V1B1P7_TRISP	tr|A0A0V1B1P7|A0A0V1B1P7_TRISP
tr|A0A0V0YZ53|A0A0V0YZ53_TRISP	tr|A0A0V0YZ53|A0A0V0YZ53_TRISP
tr|A0A0V1BW27|A0A0V1BW27_TRISP	tr|A0A0V1BW27|A0A0V1BW27_TRISP
tr|A0A0V1ARS7|A0A0V1ARS7_TRISP	tr|A0A0V1ARS7|A0A0V1ARS7_TRISP
tr|A0A0V1AVL6|A0A0V1AVL6_TRISP	tr|A0A0V1AVL6|A0A0V1AVL6_TRISP
tr|A0A0V1BP23|A0A0V1BP23_TRISP	tr|A0A0V1BP23|A0A0V1BP23_TRISP
tr|A0A0V1AUA7|A0A0V1AUA7_TRISP	tr|A0A0V1AUA7|A0A0V1AUA7_TRISP
tr|A0A0V1BIS9|A0A0V1BIS9_TRISP	tr|A0A0V1BIS9|A0A0V1BIS9_TRISP
tr|A0A0V1BW41|A0A0V1BW41_TRISP	tr|A0A0V1BW41|A0A0V1BW41_TRISP
tr|A0A0V1BIH7|A0A0V1BIH7_TRISP	tr|A0A0V1BIH7|A0A0V1BIH7_TRISP
tr|A0A0V1BU64|A0A0V1BU64_TRISP	tr|A0A0V1BU64|A0A0V1BU64_TRISP
tr|A0A0V1BUA3|A0A0V1BUA3_TRISP	tr|A0A0V1BUA3|A0A0V1BUA3_TRISP
tr|A0A0V1B2I0|A0A0V1B2I0_TRISP	tr|A0A0V1B2I0|A0A0V1B2I0_TRISP
tr|A0A0V1AU45|A0A0V1AU45_TRISP	tr|A0A0V1AU45|A0A0V1AU45_TRISP
tr|A0A0V1B0A9|A0A0V1B0A9_TRISP	tr|A0A0V1B0A9|A0A0V1B0A9_TRISP
tr|A0A0V1C272|A0A0V1C272_TRISP	tr|A0A0V1C272|A0A0V1C272_TRISP
tr|A0A0V1BM94|A0A0V1BM94_TRISP	tr|A0A0V1BM94|A0A0V1BM94_TRISP
tr|A0A0V1B8T3|A0A0V1B8T3_TRISP	tr|A0A0V1B8T3|A0A0V1B8T3_TRISP
tr|A0A0V1BVG9|A0A0V1BVG9_TRISP	tr|A0A0V1BVG9|A0A0V1BVG9_TRISP
tr|A0A0V1B1B9|A0A0V1B1B9_TRISP	tr|A0A0V1B1B9|A0A0V1B1B9_TRISP
tr|A0A0V1BBH0|A0A0V1BBH0_TRISP	tr|A0A0V1BBH0|A0A0V1BBH0_TRISP
tr|A0A0V1B416|A0A0V1B416_TRISP	tr|A0A0V1B416|A0A0V1B416_TRISP
tr|E5SUQ1|E5SUQ1_TRISP	tr|E5SUQ1|E5SUQ1_TRISP
tr|A0A0V1BNM9|A0A0V1BNM9_TRISP	tr|A0A0V1BNM9|A0A0V1BNM9_TRISP
ABP91355.1	ABP91355.1
ABP91425.1	ABP91425.1
ABP92252.1	ABP92252.1
ABP92707.1	ABP92707.1
ABP92833.1	ABP92833.1
CAR47360.1	CAR47360.1
ARL69378.1	ARL69378.1
ARL70113.1	ARL70113.1
ARL70083.1	ARL70083.1
ARL69120.1	ARL69120.1
ARL69656.1	ARL69656.1
ARL70545.1	ARL70545.1
ARL70936.1	ARL70936.1
ARL69386.1	ARL69386.1
ARL70747.1	ARL70747.1
BAB03233.1	BAB03233.1
BAB83969.1	BAB83969.1
BAB83980.1	BAB83980.1
ZP_00874473.1	ZP_00874473.1
ZP_00875072.1	ZP_00875072.1
ZP_00875481.1	ZP_00875481.1
ZP_00875545.1	ZP_00875545.1
ZP_00876081.1	ZP_00876081.1
CAM35504.1	CAM35504.1
YP_001197896.1	YP_001197896.1
YP_001198218.1	YP_001198218.1
YP_001198737.1	AAX57440.1
YP_001198737.1	YP_001198737.1
YP_001198753.1	YP_001198753.1
YP_001198868.1	tr|A0A0V1BT87|A0A0V1BT87_TRISP
YP_001198868.1	YP_001198868.1
YP_001198868.1	tr|D8IET2|D8IET2_BRAP9
YP_001198868.1	AAP81756.1
YP_001198909.1	YP_001198909.1
YP_001199332.1	YP_001199332.1
YP_001199452.1	YP_001199452.1
YP_001199499.1	YP_001199499.1
YP_001199549.1	YP_001199549.1
YP_001200265.1	YP_001200265.1
YP_001200267.1	YP_001200267.1
YP_001200329.1	YP_001200329.1
YP_001200594.1	YP_001200594.1
YP_001200669.1	YP_001200669.1
YP_001201443.1	YP_001201443.1
ABQ42875.1	ABQ42875.1
tr|Q601N2|Q601N2_MESH2	tr|Q601N2|Q601N2_MESH2
tr|Q600S0|Q600S0_MESH2	tr|Q600S0|Q600S0_MESH2
tr|Q601N8|Q601N8_MESH2	tr|Q601N8|Q601N8_MESH2
tr|Q601C2|Q601C2_MESH2	tr|Q601C2|Q601C2_MESH2
tr|Q600W8|Q600W8_MESH2	tr|Q600W8|Q600W8_MESH2
tr|Q600T7|Q600T7_MESH2	tr|Q600T7|Q600T7_MESH2
tr|Q600I9|Q600I9_MESH2	tr|Q600I9|Q600I9_MESH2
tr|Q600F6|Q600F6_MESH2	tr|Q600F6|Q600F6_MESH2
tr|Q601Q4|Q601Q4_MESH2	tr|Q601Q4|Q601Q4_MESH2
tr|Q601I6|Q601I6_MESH2	tr|Q601I6|Q601I6_MESH2
tr|Q600L9|Q600L9_MESH2	tr|Q600L9|Q600L9_MESH2
tr|Q600A2|Q600A2_MESH2	tr|Q600A2|Q600A2_MESH2
sp|Q5ZZZ7|POTA_MESH2	sp|Q5ZZZ7|POTA_MESH2
BAC56211.1	BAC56211.1
ZP_03624125.1	ZP_03624125.1
ZP_03625659.1	ZP_03625659.1
WP_002935338.1	WP_002935338.1
WP_012028602.1	WP_012028602.1
tr|Q4A767|Q4A767_MESH7	tr|Q4A767|Q4A767_MESH7
tr|Q4A770|Q4A770_MESH7	tr|Q4A770|Q4A770_MESH7
tr|Q4A7A5|Q4A7A5_MESH7	tr|Q4A7A5|Q4A7A5_MESH7
tr|Q4A7L0|Q4A7L0_MESH7	tr|Q4A7L0|Q4A7L0_MESH7
tr|Q4A7W2|Q4A7W2_MESH7	tr|Q4A7W2|Q4A7W2_MESH7
tr|Q4A815|Q4A815_MESH7	tr|Q4A815|Q4A815_MESH7
tr|Q4A853|Q4A853_MESH7	tr|Q4A853|Q4A853_MESH7
tr|Q4A893|Q4A893_MESH7	tr|Q4A893|Q4A893_MESH7
tr|Q4A8D1|Q4A8D1_MESH7	tr|Q4A8D1|Q4A8D1_MESH7
tr|Q4A8G6|Q4A8G6_MESH7	tr|Q4A8G6|Q4A8G6_MESH7
tr|Q4A8Q6|Q4A8Q6_MESH7	tr|Q4A8Q6|Q4A8Q6_MESH7
tr|Q4A8T2|Q4A8T2_MESH7	tr|Q4A8T2|Q4A8T2_MESH7
tr|F0QR90|F0QR90_MYCSL	tr|F0QR90|F0QR90_MYCSL
tr|F0QQ03|F0QQ03_MYCSL	tr|F0QQ03|F0QQ03_MYCSL
tr|F0QQ82|F0QQ82_MYCSL	tr|F0QQ82|F0QQ82_MYCSL
tr|F0QQ84|F0QQ84_MYCSL	tr|F0QQ84|F0QQ84_MYCSL
tr|F0QQF8|F0QQF8_MYCSL	tr|F0QQF8|F0QQF8_MYCSL
WP_005596805.1	WP_005596805.1
WP_005618062.1	WP_005618062.1
sp|P94166.3|CH60_ACTPL	sp|P94166.3|CH60_ACTPL
WP_005606847.1	WP_005606847.1
YP_001969789.1	XP_003378291.1
YP_001969789.1	tr|A0A0V1BNJ5|A0A0V1BNJ5_TRISP
YP_001969789.1	YP_001197668.1
YP_001969789.1	sp|Q4A8U5|DNAK_MESH7
YP_001969789.1	YP_001969789.1
WP_005597203.1	WP_005597203.1
WP_005597700.1	WP_005597700.1
WP_005608089.1	WP_005608089.1
QSZ39516.1	QSZ39516.1
WP_005597592.1	WP_005597592.1
WP_005602035.1	WP_005602035.1
WP_005595675.1	WP_005595675.1
WP_005602692.1	WP_005602692.1
WP_005604046.1	WP_005604046.1
WP_005600974.1	WP_005600974.1
WP_005599504.1	WP_005598628.1
WP_005599504.1	WP_005599504.1
WP_005598341.1	WP_005598341.1
WP_005596216.1	WP_005596216.1
WP_012262695.1	WP_012262695.1
WP_012262715.1	WP_012262715.1
WP_005596175.1	WP_005596175.1
WP_005596365.1	WP_005596365.1
WP_005597086.1	WP_005597086.1
WP_005601845.1	WP_005601845.1
WP_005598352.1	WP_005598352.1
WP_012263170.1	WP_012263170.1
WP_012263184.1	WP_108924696.1
WP_012263184.1	WP_012263184.1
ABY69974.1	ABY69974.1
WP_005598626.1	WP_005598626.1
WP_012263238.1	WP_012263238.1
WP_005598766.1	WP_005598766.1
WP_005598820.1	WP_005598820.1
WP_011848625.1	WP_011848625.1
WP_005599350.1	WP_005599350.1
WP_012263416.1	WP_012263416.1
ABY70526.1	ABY70526.1
WP_012263483.1	WP_012263483.1
WP_012263487.1	WP_012263487.1
WP_009875201.1	WP_009875201.1
WP_005598002.1	WP_005598002.1
KIE89392.1	KIE89392.1
tr|B0BTJ9|B0BTJ9_ACTPJ	tr|B0BTJ9|B0BTJ9_ACTPJ
tr|B0BPG5|B0BPG5_ACTPJ	tr|B0BPG5|B0BPG5_ACTPJ
sp|P34204|P30_ASFB7	sp|P34204|P30_ASFB7
sp|Q07344|VF137_ASFB7	sp|Q07344|VF137_ASFB7
sp|Q07383|VF84_ASFB7	sp|Q07383|VF84_ASFB7
sp|Q65147|VF205_ASFB7	sp|Q65147|VF205_ASFB7
sp|Q65169|VF602_ASFB7	sp|Q65169|VF602_ASFB7
sp|Q65180|VF312_ASFB7	sp|Q65180|VF312_ASFB7
sp|Q65194|P54_ASFB7	epitopepostrain472
sp|Q65194|P54_ASFB7	sp|Q65194|P54_ASFB7
sp|Q89424|P17_ASFB7	epitopepostrain590
sp|Q89424|P17_ASFB7	sp|Q89424|P17_ASFB7
tr|A0A8A1V4A6|A0A8A1V4A6_ASF	tr|A0A8A1V4A6|A0A8A1V4A6_ASF
sp|P22776|CAPSH_ASFB7	epitopenegtrain1038
sp|P22776|CAPSH_ASFB7	epitopepostrain213
sp|P22776|CAPSH_ASFB7	sp|P22776|CAPSH_ASFB7
sp|P23169|P22_ASFB7	sp|P23169|P22_ASFB7
sp|P27942|VF177_ASFB7	sp|P27942|VF177_ASFB7
sp|P68742|VHLP_ASFB7	sp|P68742|VHLP_ASFB7
sp|Q07384|VF421_ASFB7	sp|Q07384|VF421_ASFB7
sp|Q07385|VF145_ASFB7	sp|Q07385|VF145_ASFB7
sp|Q08358|PP220_ASFB7	sp|Q08358|PP220_ASFB7
sp|Q65154|VF129_ASFB7	sp|Q65154|VF129_ASFB7
sp|Q65167|VF475_ASFB7	sp|Q65167|VF475_ASFB7
sp|Q65171|VF125_ASFB7	sp|Q65171|VF125_ASFB7
sp|Q65179|PP62_ASFB7	sp|Q65179|PP62_ASFB7
sp|Q65185|VF171_ASFB7	sp|Q65185|VF171_ASFB7
sp|Q65193|VF184_ASFB7	sp|Q65193|VF184_ASFB7
sp|Q65198|VF199_ASFB7	sp|Q65198|VF199_ASFB7
sp|Q65201|P14_ASFB7	epitopenegtrain1044
sp|Q65201|P14_ASFB7	sp|Q65201|P14_ASFB7
sp|Q89501|CD2H_ASFB7	sp|Q89501|CD2H_ASFB7
sp|A0MD32|GP3_PRRSS	sp|A0MD32|GP3_PRRSS
sp|A0MD33|GP4_PRRSS	sp|A0MD33|GP4_PRRSS
sp|A0MD34|GP5_PRRSS	epitopepostrain59
sp|A0MD34|GP5_PRRSS	sp|A0MD34|GP5_PRRSS
sp|A0MD35|M_PRRSS	sp|A0MD35|M_PRRSS
sp|A0MD36|NCAP_PRRSS	epitopepostrain20
sp|A0MD36|NCAP_PRRSS	epitopepostrain26
sp|A0MD36|NCAP_PRRSS	epitopepostrain55
sp|A0MD36|NCAP_PRRSS	sp|A0MD36|NCAP_PRRSS
sp|P0DJZ5|ORF5A_PRRSR	sp|P0DJZ5|ORF5A_PRRSR
sp|A0MD30|GP2A_PRRSS	sp|A0MD30|GP2A_PRRSS
NP_740595.1	NP_740595.1
ABG75893.1	ABG75893.1
NP_740601.1	NP_740601.1
AGL34628.1	epitopenegtrain990
AGL34628.1	epitopepostrain498
AGL34628.1	AGL34628.1
AIC83854.1	AIC83854.1
UGN13713.1	UGN13713.1
tr|D8ICZ7|D8ICZ7_BRAP9	WP_002938501.1
tr|D8ICZ7|D8ICZ7_BRAP9	WP_005620535.1
tr|D8ICZ7|D8ICZ7_BRAP9	tr|D8ICZ7|D8ICZ7_BRAP9
tr|D8IE58|D8IE58_BRAP9	tr|D8IE58|D8IE58_BRAP9
tr|D8I9T6|D8I9T6_BRAP9	tr|D8I9T6|D8I9T6_BRAP9
tr|D8IBK7|D8IBK7_BRAP9	tr|D8IBK7|D8IBK7_BRAP9
tr|K0JIZ9|K0JIZ9_BRAPL	tr|K0JIZ9|K0JIZ9_BRAPL
tr|D8IBH9|D8IBH9_BRAP9	YP_001198538.1
tr|D8IBH9|D8IBH9_BRAP9	tr|D8IBH9|D8IBH9_BRAP9
tr|D8ICG3|D8ICG3_BRAP9	tr|D8ICG3|D8ICG3_BRAP9
tr|D8IBY6|D8IBY6_BRAP9	tr|D8IBY6|D8IBY6_BRAP9
tr|D8ICU0|D8ICU0_BRAP9	tr|D8ICU0|D8ICU0_BRAP9
tr|D8ICA8|D8ICA8_BRAP9	tr|D8ICA8|D8ICA8_BRAP9
sp|C0QWY9|FLAAL_BRAHW	tr|D8ICA7|D8ICA7_BRAP9
sp|C0QWY9|FLAAL_BRAHW	sp|C0QWY9|FLAAL_BRAHW
NP_463094.3	NP_463094.3
NP_462432.1	NP_462432.1
NP_462133.1	NP_462133.1
NP_461635.1	NP_461635.1
NP_460459.1	NP_460459.1
ACY86745.1	ACY86745.1
CBG27384.1	CBG27384.1
WP_001007996.1	WP_001007996.1
WP_000819715.1	WP_000819715.1
WP_000081342.1	WP_000081342.1
WP_000770895.1	WP_000770895.1
ACF68070.1	ACF68070.1
WP_000088185.1	WP_000088185.1
WP_000040415.1	WP_000040415.1
WP_000845198.1	WP_000845198.1
EDZ19694.1	EDZ19694.1
CGY36004.1	CGY36004.1
WP_001781403.1	WP_001781403.1
WP_000099991.1	WP_000099991.1
ACN47454.1	ACN47454.1
WP_000355814.1	WP_000355814.1
WP_000113217.1	WP_000113217.1
WP_000157770.1	WP_000157770.1
WP_001005810.1	WP_001005810.1
WP_000946816.1	WP_000946816.1
WP_000934062.1	WP_005597948.1
WP_000934062.1	WP_000934062.1
WP_001263087.1	WP_001263087.1
WP_000574793.1	WP_000574793.1
sp|P27443.1|MAOM_ASCSU	tr|A0A0V1BXN8|A0A0V1BXN8_TRISP
sp|P27443.1|MAOM_ASCSU	sp|P27443.1|MAOM_ASCSU
sp|P26269.1|ODPB_ASCSU	sp|P26269.1|ODPB_ASCSU
sp|Q05893.1|PCKG_ASCSU	tr|A0A0V1AZ55|A0A0V1AZ55_TRISP
sp|Q05893.1|PCKG_ASCSU	tr|D8IFS5|D8IFS5_BRAP9
sp|Q05893.1|PCKG_ASCSU	sp|Q05893.1|PCKG_ASCSU
sp|P46436.3|GST1_ASCSU	sp|P46436.3|GST1_ASCSU
AAD30450.1	AAD30450.1
BAB68543.1	BAB68543.1
BAB68543.1	ABP89125.1
BAB68543.1	ACL31707.1
BAC66617.1	XP_003371891.1
BAC66617.1	BAC66617.1
AAP51177.1	YP_001054446.1
AAP51177.1	AAP51177.1
sp|Q19842.1|PCCA_CAEEL	sp|Q19842.1|PCCA_CAEEL
WP_012775282.1	WP_012775282.1
WP_012775325.1	WP_012775325.1
WP_011922164.1	WP_011922164.1
ABP90505.1	ABP90505.1
WP_004194192.1	WP_004194192.1
WP_012027344.1	WP_012027344.1
WP_011921748.1	AAZ17561.2
WP_011921748.1	WP_011921748.1
sp|Q9NFZ6.1|TBB2_ECHMU	AAB07727.1
sp|Q9NFZ6.1|TBB2_ECHMU	sp|Q9NFZ6.1|TBB2_ECHMU
CAD36617.1	CAD36617.1
AAD34598.1	AAD34598.1
CAS07435.1	CAS07435.1
AAX73175.1	ACV51809.1
AAX73175.1	sp|Q8MM75.1|14332_ECHMU
AAX73175.1	AAX73175.1
ACL33103.1	WP_005599041.1
ACL33103.1	ACL33103.1
ACL32714.1	WP_005616720.1
ACL32714.1	ACL32714.1
ACL32742.1	ACL32742.1
ACL33029.1	ACL33029.1
ACL31745.1	ACL31745.1
ZP_02477611.1	WP_011848369.1
ZP_02477611.1	ZP_02477611.1
ACL32667.1	ACL32667.1
ACL33670.1	ACL33670.1
ACN38821.1	ACN38821.1
